{"stat.leaveGame":12,"stat.pickup.harvestcraft.huckleberryitem":8,"stat.pickup.tombstone.familiar_stone":3,"stat.craftItem.minecraft.shield":1,"stat.mineBlock.minecraft.web":32,"stat.pickup.harvestcraft.seaweeditem":1,"stat.drop.minecraft.iron_sword":2,"stat.pickup.minecraft.rotten_flesh":75,"stat.pickup.mod_lavacow.parasite_item":2,"stat.craftItem.minecraft.stone_axe":1,"stat.pickup.iceandfire.witherbone":4,"stat.pickup.iceandfire.chared_cobblestone":3,"stat.pickup.minecraft.leather_boots":9,"stat.entityKilledBy.techguns.ZombieSoldier":1,"stat.killEntity.Witch":1,"stat.useItem.minecraft.iron_pickaxe":250,"stat.pickup.mod_lavacow.intestine":4,"stat.craftItem.minecraft.wooden_pickaxe":1,"stat.pickup.harvestcraft.rhubarbitem":1,"stat.useItem.harvestcraft.asparagusitem":1,"stat.useItem.harvestcraft.peasitem":3,"stat.craftItem.minecraft.glass_pane":16,"stat.pickup.harvestcraft.onionitem":1,"stat.useItem.harvestcraft.quinoaitem":1,"stat.pickup.techguns.basicore":32,"stat.furnaceInteraction":162,"stat.useItem.minecraft.golden_carrot":2,"stat.pickup.harvestcraft.cherryitem":17,"stat.killEntity.ZombieVillager":5,"stat.pickup.harvestcraft.cornitem":2,"stat.pickup.minecraft.nether_brick":4,"stat.killEntity.mod_lavacow.mimic":1,"stat.pickup.minecraft.beef":26,"stat.pickup.harvestcraft.brusselsproutitem":1,"stat.pickup.mca.rose_gold_ore":11,"stat.pickup.minecraft.potion":1,"stat.killEntity.Husk":7,"stat.pickup.minecraft.emerald":4,"stat.craftItem.securitycraft.laser_block":1,"stat.pickup.dynamictrees.oakseed":76,"stat.useItem.minecraft.dye":2,"stat.useItem.minecraft.beef":8,"stat.deaths":7,"stat.pickup.minecraft.egg":1,"stat.useItem.harvestcraft.okraitem":1,"stat.craftItem.minecraft.iron_pickaxe":1,"stat.drop.minecraft.glass_bottle":6,"stat.mineBlock.minecraft.tallgrass":38,"stat.craftItem.minecraft.cooked_mutton":28,"stat.chestOpened":174,"stat.useItem.minecraft.stone":4,"stat.pickup.minecraft.iron_sword":1,"stat.pickup.minecraft.arrow":20,"stat.pickup.harvestcraft.waterchestnutitem":1,"stat.killEntity.grimoireofgaia.cyan_flower":1,"stat.pickup.harvestcraft.chilipepperitem":1,"stat.pickup.minecraft.carrot":4,"stat.crouchOneCm":12817,"stat.pickup.minecraft.rail":5,"stat.mineBlock.minecraft.chest":1,"stat.pickup.grimoireofgaia.pickup_heart":2,"stat.craftItem.minecraft.iron_ingot":75,"stat.mineBlock.futuremc.lily_of_the_valley":1,"stat.craftingTableInteraction":89,"stat.useItem.minecraft.reeds":7,"stat.pickup.minecraft.dye":120,"stat.pickup.minecraft.planks":163,"stat.drop.minecraft.minecart":1,"stat.craftItem.minecraft.diamond_shovel":1,"stat.pickup.minecraft.wheat_seeds":3,"stat.pickup.techguns.t1_miner_chestplate":2,"stat.useItem.harvestcraft.rutabagaitem":1,"stat.useItem.harvestcraft.spinachitem":2,"stat.mineBlock.minecraft.dirt":133,"stat.useItem.minecraft.bread":10,"stat.drop.minecraft.porkchop":2,"stat.useItem.minecraft.cobblestone":316,"stat.pickup.minecraft.magma":78,"stat.useItem.minecraft.gravel":2,"stat.pickup.harvestcraft.peasitem":3,"stat.useItem.dynamictrees.oakseed":2,"stat.pickup.harvestcraft.hazelnutitem":4,"stat.pickup.minecraft.iron_pickaxe":2,"stat.craftItem.minecraft.gold_ingot":2,"stat.useItem.harvestcraft.riceitem":1,"stat.useItem.harvestcraft.cabbageitem":3,"stat.pickup.minecraft.chicken":1,"stat.pickup.minecraft.apple":33,"stat.useItem.harvestcraft.caulifloweritem":4,"stat.drop.dynamictrees.oakseed":8,"stat.craftItem.minecraft.bucket":4,"stat.craftItem.minecraft.planks":252,"stat.useItem.minecraft.iron_sword":268,"stat.pickup.futuremc.cornflower":1,"stat.itemEnchanted":1,"stat.useItem.harvestcraft.artichokeitem":1,"stat.useItem.harvestcraft.raspberryitem":4,"stat.useItem.minecraft.stonebrick":2,"stat.mineBlock.minecraft.log":25,"stat.useItem.carryon.entity_item":1,"stat.craftItem.minecraft.paper":24,"stat.pickup.minecraft.red_flower":5,"stat.pickup.minecraft.red_nether_brick":11,"stat.pickup.minecraft.wool":24,"stat.useItem.minecraft.wooden_axe":1,"stat.cakeSlicesEaten":3,"stat.useItem.minecraft.iron_axe":94,"stat.mineBlock.minecraft.cobblestone":41,"stat.pickup.minecraft.stone_pickaxe":2,"stat.pickup.minecraft.flint":1,"stat.pickup.minecraft.leather_chestplate":2,"stat.craftItem.minecraft.wool":3,"stat.killEntity.techguns.ZombieSoldier":2,"stat.useItem.harvestcraft.tomatoitem":1,"stat.useItem.minecraft.cookie":6,"stat.useItem.minecraft.stone_slab2":86,"stat.pickup.minecraft.bow":1,"stat.pickup.minecraft.iron_boots":1,"stat.useItem.harvestcraft.wintersquashitem":1,"stat.useItem.harvestcraft.gooseberryitem":6,"stat.craftItem.minecraft.furnace":8,"stat.useItem.minecraft.egg":1,"stat.craftItem.minecraft.iron_boots":3,"stat.pickup.harvestcraft.broccoliitem":8,"stat.craftItem.minecraft.cooked_beef":16,"stat.mineBlock.minecraft.obsidian":15,"stat.pickup.harvestcraft.jicamaitem":1,"stat.flyOneCm":1008248,"stat.pickup.minecraft.nether_brick_stairs":1,"stat.useItem.harvestcraft.jicamaitem":1,"stat.pickup.treasure2.amethyst":1,"stat.timeSinceDeath":170521,"stat.killEntity.grimoireofgaia.chest":2,"stat.killEntity.mod_lavacow.parasite":14,"stat.pickup.harvestcraft.whitemushroomitem":1,"stat.pickup.harvestcraft.riceitem":1,"stat.useItem.minecraft.potato":1,"stat.pickup.minecraft.chainmail_helmet":5,"stat.pickup.minecraft.nether_wart":11,"stat.mineBlock.minecraft.coal_ore":93,"tombstone:tomb_raiding":2,"stat.pickup.minecraft.shield":7,"stat.talkedToVillager":2,"stat.pickup.minecraft.string":69,"stat.pickup.harvestcraft.asparagusitem":1,"stat.pickup.tombstone.crafting_ingredient":28,"stat.pickup.grimoireofgaia.food_root":1,"stat.sprintOneCm":783521,"stat.useItem.minecraft.diamond_shovel":123,"stat.craftItem.minecraft.wooden_axe":1,"stat.useItem.harvestcraft.cottonitem":2,"stat.mineBlock.minecraft.diamond_ore":10,"stat.mineBlock.harvestcraft.pamapple":14,"stat.pickup.harvestcraft.quinoaitem":4,"stat.useItem.harvestcraft.waterchestnutitem":1,"stat.pickup.minecraft.leather_leggings":1,"stat.pickup.overlast.dumpling":46,"stat.pickup.harvestcraft.mustardseedsitem":3,"stat.pickup.harvestcraft.flaxitem":1,"stat.killEntity.Zombie":79,"stat.craftItem.minecraft.dye":8,"stat.pickup.minecraft.snowball":2,"stat.mineBlock.minecraft.gold_ore":27,"stat.diveOneCm":146382,"stat.pickup.minecraft.wheat":6,"stat.craftItem.minecraft.cooked_porkchop":66,"stat.pickup.minecraft.obsidian":28,"stat.pickup.harvestcraft.ryeitem":11,"stat.killEntity.grimoireofgaia.vase":1,"stat.useItem.minecraft.rotten_flesh":35,"stat.jump":5776,"stat.useItem.minecraft.sand":8,"stat.pickup.minecraft.coal":92,"stat.pickup.minecraft.iron_ingot":8,"stat.pickup.minecraft.gunpowder":7,"stat.pickup.minecraft.dirt":126,"stat.pickup.minecraft.gold_ore":47,"stat.mineBlock.minecraft.lapis_ore":10,"stat.pickup.minecraft.iron_axe":2,"stat.pickup.minecraft.cookie":1,"stat.damageTaken":7411,"stat.mineBlock.minecraft.red_flower":6,"stat.pickup.srparasites.assimilated_flesh":1,"stat.pickup.minecraft.bed":1,"stat.pickup.minecraft.quartz_block":5,"stat.pickup.minecraft.potato":3,"stat.pickup.minecraft.diamond_axe":1,"stat.pickup.harvestcraft.oatsitem":10,"stat.craftItem.securitycraft.universal_block_reinforcer_lvl1":1,"stat.pickup.techguns.itemshared":1,"stat.useItem.minecraft.chest":6,"stat.killEntity.grimoireofgaia.werecat":1,"stat.useItem.minecraft.lava_bucket":5,"stat.pickup.harvestcraft.celeryitem":8,"stat.pickup.mod_lavacow.mimic_claw":1,"stat.useItem.tombstone.gift":3,"stat.pickup.harvestcraft.spiceleafitem":2,"stat.craftItem.minecraft.iron_chestplate":3,"stat.useItem.minecraft.netherrack":31,"stat.craftItem.travelersbackpack.sleeping_bag_bottom":1,"stat.craftItem.techguns.itemshared":5,"stat.mineBlock.minecraft.stonebrick":30,"stat.drop.mod_lavacow.parasite_item":1,"stat.useItem.harvestcraft.parsnipitem":1,"stat.pickup.harvestcraft.cucumberitem":1,"stat.pickup.harvestcraft.strawberryitem":2,"stat.useItem.harvestcraft.celeryitem":3,"stat.mobKills":298,"stat.mineBlock.treasure2.skull_chest":2,"stat.drop.harvestcraft.rhubarbitem":1,"stat.pickup.securitycraft.reinforced_stone_button":21,"stat.pickup.minecraft.diamond":17,"stat.pickup.harvestcraft.raspberryitem":7,"stat.useItem.harvestcraft.kohlrabiitem":1,"stat.pickup.minecraft.torch":7,"stat.pickup.harvestcraft.beetitem":9,"stat.useItem.harvestcraft.mulberryitem":1,"stat.useItem.minecraft.string":2,"stat.useItem.harvestcraft.huckleberryitem":7,"stat.entityKilledBy.techguns.ZombieMiner":1,"stat.craftItem.minecraft.iron_axe":2,"stat.useItem.harvestcraft.seaweeditem":1,"stat.pickup.mod_lavacow.cursed_fabric":4,"stat.useItem.minecraft.mutton":1,"stat.pickup.srparasites.parasitecanister":1,"stat.useItem.minecraft.planks":4,"stat.pickup.minecraft.porkchop":86,"stat.craftItem.iceandfire.jar_empty":2,"stat.useItem.minecraft.water_bucket":16,"stat.mineBlock.minecraft.stone_brick_stairs":1,"stat.mineBlock.minecraft.nether_brick_fence":1,"stat.pickup.minecraft.sand":53,"stat.pickup.harvestcraft.wintersquashitem":1,"stat.pickup.minecraft.chainmail_chestplate":2,"stat.mineBlock.minecraft.sand":53,"stat.killEntity.techguns.ZombieFarmer":1,"stat.mineBlock.futuremc.cornflower":1,"stat.pickup.harvestcraft.spinachitem":4,"stat.pickup.srparasites.lurecomponent1":9,"stat.pickup.minecraft.furnace":13,"stat.useItem.minecraft.cooked_mutton":35,"stat.mineBlock.harvestcraft.windygarden":9,"stat.craftItem.travelersbackpack.travelers_backpack":1,"stat.pickup.tombstone.magic_scroll":4,"stat.useItem.harvestcraft.blackberryitem":1,"stat.killEntity.Horse":2,"stat.pickup.futuremc.lily_of_the_valley":1,"stat.craftItem.minecraft.heavy_weighted_pressure_plate":2,"stat.playOneMinute":356326,"stat.useItem.overlast.dumpling":46,"stat.craftItem.securitycraft.keypad_item":2,"stat.pickup.minecraft.iron_bars":15,"stat.pickup.minecraft.netherrack":409,"stat.pickup.harvestcraft.cottonitem":5,"stat.pickup.harvestcraft.tomatoitem":1,"stat.mineBlock.minecraft.netherrack":446,"stat.mineBlock.minecraft.ice":1,"stat.craftItem.minecraft.iron_nugget":9,"stat.pickup.minecraft.cooked_chicken":1,"stat.fallOneCm":140930,"stat.drop.minecraft.dye":2,"stat.pickup.minecraft.melon_seeds":3,"stat.pickup.iceandfire.pixie_dust":2,"stat.pickup.harvestcraft.caulifloweritem":10,"stat.craftItem.minecraft.chest":13,"stat.pickup.minecraft.golden_leggings":1,"stat.mineBlock.minecraft.red_nether_brick":33,"stat.killEntity.techguns.ZombieMiner":4,"stat.useItem.minecraft.furnace":4,"stat.mineBlock.harvestcraft.pamcherry":4,"stat.pickup.minecraft.iron_leggings":1,"stat.mineBlock.minecraft.gravel":21,"stat.useItem.minecraft.stone_pickaxe":84,"stat.craftItem.minecraft.iron_leggings":3,"stat.useItem.harvestcraft.cherryitem":10,"stat.drop.minecraft.reeds":1,"stat.pickup.minecraft.chainmail_boots":5,"stat.useItem.minecraft.iron_bars":2,"stat.drop.tombstone.crafting_ingredient":1,"stat.pickup.minecraft.iron_nugget":6,"stat.useItem.harvestcraft.spiceleafitem":1,"stat.craftItem.minecraft.redstone_block":2,"stat.pickup.minecraft.crafting_table":5,"stat.mineBlock.techguns.basicore":17,"stat.craftItem.minecraft.crafting_table":6,"stat.mineBlock.minecraft.emerald_ore":2,"stat.pickup.minecraft.redstone_block":1,"stat.pickup.minecraft.log":204,"stat.useItem.minecraft.cooked_fish":5,"stat.craftItem.minecraft.stone_button":21,"stat.pickup.minecraft.chainmail_leggings":7,"stat.pickup.minecraft.sapling":1,"stat.mineBlock.overlast.red_leaves":1,"stat.pickup.harvestcraft.parsnipitem":1,"stat.killEntity.WitherSkeleton":2,"stat.pickup.harvestcraft.rutabagaitem":1,"stat.mineBlock.mod_lavacow.glowshroom":2,"stat.pickup.harvestcraft.juteitem":1,"stat.sneakTime":4641,"stat.useItem.minecraft.baked_potato":1,"stat.pickup.harvestcraft.gooseberryitem":6,"stat.pickup.minecraft.chest":2,"stat.pickup.minecraft.bone":19,"stat.useItem.minecraft.mushroom_stew":1,"stat.killEntity.grimoireofgaia.dryad":2,"stat.useItem.harvestcraft.hazelnutitem":4,"stat.useItem.minecraft.diamond_sword":770,"stat.swimOneCm":66702,"stat.pickup.harvestcraft.artichokeitem":4,"stat.climbOneCm":6906,"stat.pickup.harvestcraft.okraitem":1,"stat.pickup.minecraft.golden_helmet":2,"stat.useItem.minecraft.dirt":5,"stat.useItem.minecraft.iron_ore":7,"stat.craftItem.minecraft.stone_pickaxe":1,"stat.mineBlock.minecraft.magma":77,"stat.pickup.minecraft.cobblestone":539,"stat.mineBlock.minecraft.redstone_block":1,"stat.useItem.harvestcraft.juteitem":1,"stat.pickup.minecraft.glass_bottle":2,"stat.drop.minecraft.wheat_seeds":2,"stat.useItem.harvestcraft.whitemushroomitem":1,"stat.useItem.minecraft.cooked_beef":16,"stat.pickup.minecraft.golden_pickaxe":1,"stat.pickup.minecraft.redstone":80,"stat.mineBlock.minecraft.iron_ore":93,"stat.useItem.harvestcraft.peanutitem":1,"stat.pickup.minecraft.mutton":35,"stat.killEntity.techguns.SkeletonSoldier":1,"stat.useItem.harvestcraft.cornitem":2,"stat.pickup.minecraft.stonebrick":17,"stat.drop.minecraft.dirt":61,"stat.useItem.minecraft.cooked_porkchop":52,"stat.pickup.minecraft.diamond_shovel":1,"stat.mineBlock.minecraft.nether_brick":4,"stat.craftItem.minecraft.stone_slab2":0,"stat.pickup.harvestcraft.mulberryitem":1,"stat.useItem.grimoireofgaia.food_root":1,"stat.craftItem.minecraft.stick":24,"stat.craftItem.minecraft.stone":19,"stat.mineBlock.minecraft.crafting_table":5,"stat.useItem.minecraft.diamond_pickaxe":1396,"stat.mineBlock.minecraft.quartz_block":5,"stat.useItem.minecraft.carrot":3,"stat.useItem.minecraft.wheat":2,"stat.drop.harvestcraft.spiceleafitem":1,"stat.drop":22,"stat.killEntity.Sheep":24,"stat.pickup.minecraft.slime_ball":3,"stat.pickup.iceandfire.jar_pixie":1,"stat.craftItem.minecraft.diamond_pickaxe":1,"stat.pickup.minecraft.gravel":10,"stat.useItem.minecraft.apple":35,"stat.killEntity.pig":17,"stat.useItem.minecraft.porkchop":12,"stat.useItem.minecraft.potion":5,"stat.pickup.harvestcraft.kohlrabiitem":6,"stat.pickup.harvestcraft.blackberryitem":1,"stat.craftItem.travelersbackpack.backpack_tank":2,"stat.pickup.minecraft.iron_helmet":1,"stat.useItem.minecraft.stone_axe":16,"stat.mineBlock.harvestcraft.shadedgarden":2,"stat.pickup.harvestcraft.peanutitem":3,"stat.pickup.minecraft.spider_eye":16,"stat.craftItem.minecraft.iron_helmet":3,"stat.mineBlock.harvestcraft.frostgarden":46,"stat.useItem.minecraft.cooked_chicken":1,"stat.pickup.minecraft.iron_ore":132,"stat.pickup.mod_lavacow.glowshroom":2,"stat.mineBlock.mca.rose_gold_ore":11,"stat.mineBlock.minecraft.iron_bars":15,"stat.craftItem.minecraft.flint_and_steel":1,"stat.useItem.harvestcraft.brusselsproutitem":1,"stat.pickup.minecraft.leather":9,"stat.mineBlock.minecraft.furnace":9,"stat.useItem.minecraft.wooden_pickaxe":6,"stat.mineBlock.iceandfire.chared_cobblestone":2,"stat.useItem.harvestcraft.mustardseedsitem":1,"stat.pickup.minecraft.reeds":53,"stat.killEntity.CaveSpider":5,"tombstone:undead_killed":115,"stat.damageDealt":42648,"stat.craftItem.minecraft.glass":43,"stat.killEntity.bound_soul":1,"stat.mineBlock.minecraft.nether_brick_stairs":1,"stat.killEntity.Cow":12,"stat.mineBlock.harvestcraft.pamspiderweb":4,"stat.killEntity.Pig":32,"stat.craftItem.minecraft.iron_sword":1,"stat.walkOneCm":875669,"stat.playerKills":2,"stat.pickup.dynamictrees.birchseed":4,"stat.pickup.minecraft.stick":121,"stat.pickup.harvestcraft.cabbageitem":7,"stat.useItem.harvestcraft.oatsitem":3,"stat.drop.techguns.t1_miner_chestplate":1,"stat.mineBlock.treasure2.amethyst_ore":1,"stat.useItem.minecraft.redstone_block":1,"stat.pickup.minecraft.stone":31,"stat.craftItem.minecraft.minecart":1,"stat.pickup.minecraft.gold_ingot":1,"stat.killEntity.Skeleton":13,"stat.killEntity.Chicken":1,"stat.killEntity.Spider":17,"stat.pickup.minecraft.bread":3,"stat.mineBlock.minecraft.quartz_ore":229,"stat.pickup.minecraft.quartz":258,"stat.useItem.harvestcraft.ryeitem":3,"stat.pickup.minecraft.golden_shovel":1,"stat.pickup.treasure2.skull_chest":2,"stat.useItem.harvestcraft.broccoliitem":2,"stat.mineBlock.srparasites.parasitecanister":1,"stat.mineBlock.minecraft.redstone_ore":9,"stat.mineBlock.harvestcraft.soggygarden":3,"stat.mineBlock.minecraft.stone":507}