{"stat.pickup.harvestcraft.tomatoitem":1,"stat.useItem.minecraft.iron_axe":2,"stat.leaveGame":1,"stat.pickup.harvestcraft.waterchestnutitem":1,"stat.pickup.minecraft.stone_pickaxe":1,"stat.pickup.minecraft.flint":1,"stat.craftItem.minecraft.iron_axe":1,"stat.useItem.harvestcraft.seaweeditem":1,"stat.pickup.harvestcraft.blackberryitem":1,"stat.craftItem.minecraft.iron_nugget":9,"stat.jump":504,"stat.swimOneCm":5859,"stat.pickup.minecraft.coal":77,"stat.climbOneCm":301,"stat.fallOneCm":10921,"stat.craftItem.minecraft.shield":1,"stat.useItem.minecraft.stone_axe":16,"stat.crouchOneCm":2575,"stat.mineBlock.harvestcraft.shadedgarden":1,"stat.pickup.harvestcraft.okraitem":1,"stat.craftItem.minecraft.iron_ingot":49,"stat.useItem.harvestcraft.tomatoitem":1,"stat.craftItem.minecraft.iron_helmet":1,"stat.useItem.minecraft.stone_slab2":10,"stat.pickup.harvestcraft.seaweeditem":1,"stat.useItem.minecraft.water_bucket":8,"stat.craftingTableInteraction":21,"stat.pickup.minecraft.iron_ore":79,"stat.useItem.harvestcraft.gooseberryitem":6,"stat.craftItem.minecraft.furnace":2,"stat.mineBlock.mca.rose_gold_ore":10,"stat.pickup.minecraft.gold_ore":14,"stat.craftItem.minecraft.flint_and_steel":1,"stat.mineBlock.minecraft.lapis_ore":5,"stat.useItem.harvestcraft.brusselsproutitem":1,"stat.craftItem.minecraft.stone_axe":1,"stat.craftItem.minecraft.iron_boots":1,"stat.damageTaken":556,"stat.craftItem.minecraft.stone_pickaxe":1,"stat.mineBlock.minecraft.furnace":3,"stat.useItem.minecraft.wooden_pickaxe":6,"stat.pickup.minecraft.cobblestone":85,"stat.pickup.harvestcraft.jicamaitem":1,"stat.pickup.minecraft.dye":32,"stat.drop.minecraft.minecart":1,"stat.flyOneCm":73096,"stat.pickup.minecraft.wheat_seeds":1,"stat.drop.minecraft.wheat_seeds":1,"stat.mineBlock.minecraft.gravel":1,"stat.useItem.harvestcraft.whitemushroomitem":1,"stat.useItem.minecraft.stone_pickaxe":84,"stat.craftItem.minecraft.iron_leggings":1,"stat.useItem.harvestcraft.jicamaitem":1,"stat.damageDealt":542,"stat.pickup.minecraft.redstone":26,"stat.mineBlock.minecraft.iron_ore":79,"stat.timeSinceDeath":31579,"stat.mineBlock.minecraft.dirt":1,"stat.useItem.minecraft.iron_pickaxe":229,"stat.craftItem.minecraft.wooden_pickaxe":1,"stat.craftItem.minecraft.iron_sword":1,"stat.killEntity.grimoireofgaia.chest":1,"stat.walkOneCm":77369,"stat.useItem.harvestcraft.asparagusitem":1,"stat.useItem.minecraft.bread":1,"stat.pickup.harvestcraft.whitemushroomitem":1,"stat.pickup.harvestcraft.riceitem":1,"stat.pickup.minecraft.stick":22,"stat.drop.tombstone.crafting_ingredient":1,"stat.pickup.minecraft.crafting_table":3,"stat.pickup.techguns.basicore":12,"stat.useItem.minecraft.cobblestone":15,"stat.mineBlock.techguns.basicore":12,"stat.furnaceInteraction":29,"stat.craftItem.minecraft.crafting_table":2,"stat.useItem.minecraft.lava_bucket":1,"stat.mineBlock.minecraft.coal_ore":79,"stat.pickup.srparasites.lurecomponent1":2,"stat.useItem.dynamictrees.oakseed":2,"stat.mineBlock.minecraft.emerald_ore":1,"stat.pickup.minecraft.log":47,"stat.pickup.minecraft.string":11,"stat.useItem.tombstone.gift":1,"stat.pickup.harvestcraft.asparagusitem":1,"stat.pickup.minecraft.furnace":3,"stat.pickup.tombstone.crafting_ingredient":1,"stat.pickup.harvestcraft.brusselsproutitem":1,"stat.pickup.harvestcraft.spiceleafitem":1,"stat.craftItem.minecraft.stone_slab2":0,"stat.pickup.harvestcraft.mulberryitem":1,"stat.pickup.minecraft.stone":4,"stat.useItem.harvestcraft.riceitem":1,"stat.craftItem.minecraft.iron_chestplate":1,"stat.sprintOneCm":81844,"stat.craftItem.minecraft.minecart":1,"stat.craftItem.minecraft.wooden_axe":1,"stat.craftItem.minecraft.stick":8,"stat.useItem.harvestcraft.blackberryitem":1,"stat.pickup.mca.rose_gold_ore":10,"stat.craftItem.minecraft.bucket":2,"stat.craftItem.minecraft.planks":188,"stat.useItem.minecraft.iron_sword":11,"stat.mineBlock.minecraft.diamond_ore":2,"stat.mineBlock.minecraft.crafting_table":3,"stat.killEntity.Spider":2,"stat.pickup.minecraft.bread":1,"stat.useItem.harvestcraft.waterchestnutitem":1,"stat.mobKills":5,"stat.pickup.minecraft.emerald":1,"stat.pickup.dynamictrees.oakseed":15,"stat.mineBlock.minecraft.log":5,"stat.deaths":2,"stat.drop":3,"stat.pickup.minecraft.diamond":2,"stat.playOneMinute":40316,"stat.useItem.harvestcraft.okraitem":1,"stat.mineBlock.minecraft.redstone_ore":6,"stat.craftItem.minecraft.iron_pickaxe":1,"stat.sneakTime":859,"stat.mineBlock.harvestcraft.soggygarden":3,"stat.useItem.minecraft.wooden_axe":1,"stat.mineBlock.minecraft.stone":107,"stat.mineBlock.minecraft.gold_ore":14,"stat.mineBlock.minecraft.tallgrass":3,"stat.useItem.harvestcraft.mulberryitem":1,"stat.diveOneCm":10246,"stat.pickup.harvestcraft.gooseberryitem":6}