{"stat.pickup.harvestcraft.tomatoitem":1,"stat.useItem.minecraft.iron_axe":3,"stat.leaveGame":1,"stat.mineBlock.minecraft.cobblestone":3,"stat.pickup.harvestcraft.waterchestnutitem":1,"stat.pickup.minecraft.stone_pickaxe":1,"stat.pickup.minecraft.flint":1,"stat.craftItem.minecraft.iron_axe":1,"stat.useItem.harvestcraft.seaweeditem":1,"stat.pickup.minecraft.obsidian":14,"stat.pickup.tombstone.familiar_stone":1,"stat.pickup.harvestcraft.blackberryitem":1,"stat.craftItem.minecraft.iron_nugget":9,"stat.jump":634,"stat.swimOneCm":33334,"stat.pickup.minecraft.coal":91,"stat.climbOneCm":301,"stat.fallOneCm":11554,"stat.craftItem.minecraft.shield":1,"stat.useItem.minecraft.stone_axe":16,"stat.pickup.minecraft.gunpowder":2,"stat.crouchOneCm":2575,"stat.mineBlock.harvestcraft.shadedgarden":1,"stat.pickup.harvestcraft.okraitem":1,"stat.craftItem.minecraft.iron_ingot":49,"stat.useItem.harvestcraft.tomatoitem":1,"stat.craftItem.minecraft.iron_helmet":1,"stat.useItem.minecraft.stone_slab2":12,"stat.pickup.harvestcraft.seaweeditem":1,"stat.useItem.minecraft.water_bucket":14,"stat.craftingTableInteraction":22,"stat.pickup.minecraft.iron_ore":87,"stat.useItem.harvestcraft.gooseberryitem":6,"stat.craftItem.minecraft.furnace":2,"stat.mineBlock.mca.rose_gold_ore":11,"stat.pickup.minecraft.gold_ore":21,"stat.craftItem.minecraft.flint_and_steel":1,"stat.mineBlock.minecraft.lapis_ore":9,"stat.useItem.harvestcraft.brusselsproutitem":1,"stat.craftItem.minecraft.stone_axe":1,"stat.craftItem.minecraft.iron_boots":1,"stat.damageTaken":728,"stat.craftItem.minecraft.stone_pickaxe":1,"stat.mineBlock.minecraft.furnace":3,"stat.killEntity.techguns.ZombieMiner":2,"stat.useItem.minecraft.wooden_pickaxe":6,"stat.mineBlock.minecraft.obsidian":15,"stat.pickup.minecraft.cobblestone":173,"stat.pickup.harvestcraft.jicamaitem":1,"stat.pickup.minecraft.dye":55,"stat.drop.minecraft.minecart":1,"stat.flyOneCm":87818,"tombstone:undead_killed":3,"stat.pickup.minecraft.wheat_seeds":1,"stat.drop.minecraft.wheat_seeds":1,"stat.mineBlock.minecraft.gravel":1,"stat.useItem.harvestcraft.whitemushroomitem":1,"stat.useItem.minecraft.stone_pickaxe":84,"stat.craftItem.minecraft.iron_leggings":1,"stat.useItem.harvestcraft.jicamaitem":1,"stat.damageDealt":1295,"stat.pickup.minecraft.redstone":40,"stat.mineBlock.minecraft.iron_ore":87,"stat.timeSinceDeath":43579,"stat.mineBlock.minecraft.dirt":1,"stat.useItem.minecraft.iron_pickaxe":250,"stat.craftItem.minecraft.wooden_pickaxe":1,"stat.craftItem.minecraft.iron_sword":1,"stat.killEntity.grimoireofgaia.chest":1,"stat.walkOneCm":107786,"stat.useItem.harvestcraft.asparagusitem":1,"stat.useItem.minecraft.bread":1,"stat.pickup.harvestcraft.whitemushroomitem":1,"stat.pickup.harvestcraft.riceitem":1,"stat.pickup.minecraft.stick":22,"stat.drop.tombstone.crafting_ingredient":1,"stat.useItem.harvestcraft.spiceleafitem":1,"stat.pickup.minecraft.crafting_table":4,"stat.pickup.techguns.basicore":15,"stat.useItem.minecraft.cobblestone":80,"stat.mineBlock.techguns.basicore":15,"stat.furnaceInteraction":29,"stat.craftItem.minecraft.crafting_table":2,"stat.useItem.minecraft.lava_bucket":1,"stat.mineBlock.minecraft.coal_ore":93,"stat.pickup.srparasites.lurecomponent1":2,"stat.useItem.dynamictrees.oakseed":2,"stat.mineBlock.minecraft.emerald_ore":2,"stat.pickup.minecraft.log":47,"stat.pickup.minecraft.string":11,"stat.useItem.tombstone.gift":1,"stat.pickup.harvestcraft.asparagusitem":1,"stat.pickup.minecraft.furnace":3,"stat.pickup.tombstone.crafting_ingredient":3,"stat.pickup.harvestcraft.brusselsproutitem":1,"stat.pickup.harvestcraft.spiceleafitem":1,"stat.craftItem.minecraft.stone_slab2":0,"stat.pickup.harvestcraft.mulberryitem":1,"stat.pickup.minecraft.stone":9,"stat.useItem.harvestcraft.riceitem":1,"stat.craftItem.minecraft.iron_chestplate":1,"stat.sprintOneCm":108896,"stat.craftItem.minecraft.minecart":1,"stat.craftItem.minecraft.wooden_axe":1,"stat.craftItem.minecraft.stick":8,"stat.useItem.harvestcraft.blackberryitem":1,"stat.pickup.mca.rose_gold_ore":11,"stat.craftItem.minecraft.bucket":2,"stat.mineBlock.minecraft.stonebrick":5,"stat.craftItem.minecraft.planks":188,"stat.useItem.minecraft.iron_sword":31,"stat.mineBlock.minecraft.diamond_ore":10,"stat.mineBlock.minecraft.crafting_table":4,"stat.killEntity.Spider":2,"stat.killEntity.Husk":1,"stat.pickup.minecraft.bread":1,"stat.useItem.minecraft.diamond_pickaxe":157,"stat.useItem.harvestcraft.waterchestnutitem":1,"stat.mobKills":11,"stat.pickup.minecraft.emerald":2,"stat.pickup.dynamictrees.oakseed":15,"stat.mineBlock.minecraft.log":5,"stat.deaths":2,"stat.drop":3,"stat.pickup.minecraft.diamond":10,"stat.playOneMinute":52316,"stat.useItem.harvestcraft.okraitem":1,"stat.mineBlock.minecraft.redstone_ore":9,"stat.craftItem.minecraft.iron_pickaxe":1,"stat.sneakTime":900,"stat.craftItem.minecraft.diamond_pickaxe":1,"stat.mineBlock.harvestcraft.soggygarden":3,"stat.useItem.minecraft.wooden_axe":1,"stat.mineBlock.minecraft.stone":213,"stat.mineBlock.minecraft.gold_ore":22,"stat.mineBlock.minecraft.tallgrass":3,"stat.useItem.harvestcraft.mulberryitem":1,"stat.diveOneCm":12144,"stat.pickup.harvestcraft.gooseberryitem":6}