{"stat.useItem.minecraft.string":2,"stat.useItem.harvestcraft.huckleberryitem":7,"stat.leaveGame":5,"stat.entityKilledBy.techguns.ZombieMiner":1,"stat.craftItem.minecraft.iron_axe":1,"stat.pickup.harvestcraft.huckleberryitem":8,"stat.useItem.harvestcraft.seaweeditem":1,"stat.pickup.tombstone.familiar_stone":3,"stat.pickup.mod_lavacow.cursed_fabric":4,"stat.useItem.minecraft.mutton":1,"stat.craftItem.minecraft.shield":1,"stat.useItem.minecraft.planks":4,"stat.mineBlock.minecraft.web":32,"stat.pickup.minecraft.porkchop":39,"stat.craftItem.iceandfire.jar_empty":2,"stat.pickup.harvestcraft.seaweeditem":1,"stat.useItem.minecraft.water_bucket":14,"stat.drop.minecraft.iron_sword":2,"stat.mineBlock.minecraft.stone_brick_stairs":1,"stat.pickup.minecraft.rotten_flesh":75,"stat.mineBlock.minecraft.nether_brick_fence":1,"stat.pickup.minecraft.sand":29,"stat.pickup.mod_lavacow.parasite_item":2,"stat.craftItem.minecraft.stone_axe":1,"stat.pickup.iceandfire.witherbone":2,"stat.pickup.minecraft.leather_boots":9,"stat.entityKilledBy.techguns.ZombieSoldier":1,"stat.pickup.minecraft.chainmail_chestplate":2,"stat.mineBlock.minecraft.sand":29,"stat.killEntity.techguns.ZombieFarmer":1,"stat.useItem.minecraft.iron_pickaxe":250,"stat.pickup.mod_lavacow.intestine":4,"stat.craftItem.minecraft.wooden_pickaxe":1,"stat.pickup.harvestcraft.rhubarbitem":1,"stat.useItem.harvestcraft.asparagusitem":1,"stat.useItem.harvestcraft.peasitem":3,"stat.pickup.harvestcraft.onionitem":1,"stat.useItem.harvestcraft.quinoaitem":1,"stat.pickup.techguns.basicore":32,"stat.furnaceInteraction":133,"stat.useItem.minecraft.golden_carrot":2,"stat.killEntity.ZombieVillager":5,"stat.mineBlock.futuremc.cornflower":1,"stat.pickup.harvestcraft.spinachitem":4,"stat.pickup.srparasites.lurecomponent1":6,"stat.pickup.minecraft.nether_brick":4,"stat.killEntity.mod_lavacow.mimic":1,"stat.pickup.minecraft.beef":26,"stat.pickup.minecraft.furnace":13,"stat.useItem.minecraft.cooked_mutton":35,"stat.pickup.harvestcraft.brusselsproutitem":1,"stat.mineBlock.harvestcraft.windygarden":5,"stat.craftItem.travelersbackpack.travelers_backpack":1,"stat.pickup.tombstone.magic_scroll":4,"stat.useItem.harvestcraft.blackberryitem":1,"stat.pickup.mca.rose_gold_ore":11,"stat.killEntity.Horse":2,"stat.pickup.minecraft.potion":1,"stat.killEntity.Husk":7,"stat.pickup.minecraft.emerald":4,"stat.pickup.dynamictrees.oakseed":27,"stat.useItem.minecraft.dye":2,"stat.useItem.minecraft.beef":6,"stat.deaths":6,"stat.pickup.minecraft.egg":1,"stat.playOneMinute":175758,"stat.useItem.harvestcraft.okraitem":1,"stat.craftItem.minecraft.iron_pickaxe":1,"stat.pickup.minecraft.iron_bars":15,"stat.drop.minecraft.glass_bottle":6,"stat.mineBlock.minecraft.tallgrass":18,"stat.craftItem.minecraft.cooked_mutton":28,"stat.pickup.minecraft.netherrack":1,"stat.pickup.harvestcraft.cottonitem":5,"stat.chestOpened":95,"stat.pickup.harvestcraft.tomatoitem":1,"stat.useItem.minecraft.stone":4,"stat.mineBlock.minecraft.netherrack":1,"stat.pickup.minecraft.iron_sword":1,"stat.pickup.minecraft.arrow":20,"stat.pickup.harvestcraft.waterchestnutitem":1,"stat.pickup.harvestcraft.chilipepperitem":1,"stat.craftItem.minecraft.iron_nugget":9,"stat.pickup.minecraft.cooked_chicken":1,"stat.fallOneCm":78967,"stat.drop.minecraft.dye":2,"stat.pickup.minecraft.carrot":3,"stat.pickup.minecraft.melon_seeds":3,"stat.crouchOneCm":7330,"stat.pickup.iceandfire.pixie_dust":2,"stat.pickup.minecraft.rail":5,"stat.mineBlock.minecraft.chest":1,"stat.pickup.harvestcraft.caulifloweritem":10,"stat.pickup.grimoireofgaia.pickup_heart":2,"stat.craftItem.minecraft.iron_ingot":75,"stat.craftItem.minecraft.chest":6,"stat.pickup.minecraft.golden_leggings":1,"stat.craftingTableInteraction":49,"stat.mineBlock.minecraft.red_nether_brick":33,"stat.killEntity.techguns.ZombieMiner":3,"stat.useItem.minecraft.furnace":4,"stat.pickup.minecraft.dye":120,"stat.pickup.minecraft.planks":163,"stat.pickup.minecraft.iron_leggings":1,"stat.drop.minecraft.minecart":1,"stat.pickup.minecraft.wheat_seeds":2,"stat.useItem.harvestcraft.rutabagaitem":1,"stat.mineBlock.minecraft.gravel":21,"stat.useItem.minecraft.stone_pickaxe":84,"stat.craftItem.minecraft.iron_leggings":2,"stat.useItem.harvestcraft.spinachitem":2,"stat.mineBlock.minecraft.dirt":1,"stat.pickup.minecraft.chainmail_boots":5,"stat.useItem.minecraft.iron_bars":2,"stat.useItem.minecraft.bread":5,"stat.drop.tombstone.crafting_ingredient":1,"stat.useItem.harvestcraft.spiceleafitem":1,"stat.drop.minecraft.porkchop":2,"stat.pickup.minecraft.crafting_table":5,"stat.useItem.minecraft.cobblestone":306,"stat.mineBlock.techguns.basicore":17,"stat.pickup.minecraft.magma":4,"stat.craftItem.minecraft.crafting_table":5,"stat.useItem.minecraft.gravel":2,"stat.pickup.harvestcraft.peasitem":3,"stat.useItem.dynamictrees.oakseed":2,"stat.mineBlock.minecraft.emerald_ore":2,"stat.pickup.minecraft.log":47,"stat.useItem.minecraft.cooked_fish":5,"stat.pickup.minecraft.iron_pickaxe":2,"stat.craftItem.minecraft.gold_ingot":2,"stat.useItem.harvestcraft.riceitem":1,"stat.useItem.harvestcraft.cabbageitem":3,"stat.pickup.minecraft.chicken":1,"stat.pickup.minecraft.chainmail_leggings":7,"stat.useItem.harvestcraft.caulifloweritem":4,"stat.craftItem.minecraft.bucket":2,"stat.craftItem.minecraft.planks":188,"stat.useItem.minecraft.iron_sword":267,"stat.pickup.futuremc.cornflower":1,"stat.killEntity.WitherSkeleton":2,"stat.pickup.harvestcraft.rutabagaitem":1,"stat.useItem.harvestcraft.raspberryitem":4,"stat.mineBlock.mod_lavacow.glowshroom":1,"stat.useItem.minecraft.stonebrick":2,"stat.mineBlock.minecraft.log":5,"stat.pickup.harvestcraft.juteitem":1,"stat.pickup.minecraft.red_flower":5,"stat.pickup.minecraft.red_nether_brick":11,"stat.sneakTime":2514,"stat.pickup.minecraft.wool":23,"stat.useItem.minecraft.baked_potato":1,"stat.useItem.minecraft.wooden_axe":1,"stat.pickup.harvestcraft.gooseberryitem":6,"stat.pickup.minecraft.chest":2,"stat.cakeSlicesEaten":3,"stat.pickup.minecraft.bone":19,"stat.useItem.minecraft.mushroom_stew":1,"stat.useItem.minecraft.iron_axe":26,"stat.mineBlock.minecraft.cobblestone":41,"stat.pickup.minecraft.stone_pickaxe":2,"stat.pickup.minecraft.flint":1,"stat.pickup.minecraft.leather_chestplate":2,"stat.craftItem.minecraft.wool":3,"stat.useItem.minecraft.diamond_sword":663,"stat.swimOneCm":57241,"stat.pickup.harvestcraft.artichokeitem":3,"stat.climbOneCm":3531,"stat.killEntity.techguns.ZombieSoldier":2,"stat.pickup.harvestcraft.okraitem":1,"stat.useItem.harvestcraft.tomatoitem":1,"stat.useItem.minecraft.cookie":6,"stat.pickup.minecraft.golden_helmet":2,"stat.useItem.minecraft.stone_slab2":57,"stat.pickup.minecraft.bow":1,"stat.pickup.minecraft.iron_boots":1,"stat.useItem.harvestcraft.gooseberryitem":6,"stat.craftItem.minecraft.furnace":8,"stat.useItem.minecraft.egg":1,"stat.craftItem.minecraft.iron_boots":2,"stat.pickup.harvestcraft.broccoliitem":8,"stat.useItem.minecraft.iron_ore":7,"stat.craftItem.minecraft.stone_pickaxe":1,"stat.craftItem.minecraft.cooked_beef":16,"stat.mineBlock.minecraft.obsidian":15,"stat.mineBlock.minecraft.magma":3,"stat.pickup.minecraft.cobblestone":471,"stat.pickup.harvestcraft.jicamaitem":1,"stat.useItem.harvestcraft.juteitem":1,"stat.flyOneCm":467248,"stat.pickup.minecraft.glass_bottle":2,"stat.pickup.minecraft.nether_brick_stairs":1,"stat.drop.minecraft.wheat_seeds":2,"stat.useItem.harvestcraft.whitemushroomitem":1,"stat.useItem.minecraft.cooked_beef":16,"stat.useItem.harvestcraft.jicamaitem":1,"stat.pickup.treasure2.amethyst":1,"stat.pickup.minecraft.golden_pickaxe":1,"stat.pickup.minecraft.redstone":80,"stat.mineBlock.minecraft.iron_ore":93,"stat.timeSinceDeath":94392,"stat.pickup.minecraft.mutton":34,"stat.killEntity.grimoireofgaia.chest":2,"stat.killEntity.techguns.SkeletonSoldier":1,"stat.killEntity.mod_lavacow.parasite":14,"stat.pickup.harvestcraft.whitemushroomitem":1,"stat.pickup.harvestcraft.riceitem":1,"stat.pickup.minecraft.chainmail_helmet":5,"stat.pickup.minecraft.nether_wart":11,"stat.pickup.minecraft.stonebrick":17,"stat.useItem.minecraft.cooked_porkchop":6,"stat.pickup.minecraft.diamond_shovel":1,"stat.mineBlock.minecraft.coal_ore":93,"tombstone:tomb_raiding":2,"stat.mineBlock.minecraft.nether_brick":4,"stat.pickup.minecraft.shield":7,"stat.pickup.minecraft.string":63,"stat.pickup.harvestcraft.asparagusitem":1,"stat.pickup.tombstone.crafting_ingredient":28,"stat.craftItem.minecraft.stone_slab2":0,"stat.pickup.harvestcraft.mulberryitem":1,"stat.sprintOneCm":402303,"stat.craftItem.minecraft.wooden_axe":1,"stat.craftItem.minecraft.stick":12,"stat.useItem.harvestcraft.cottonitem":2,"stat.mineBlock.minecraft.diamond_ore":10,"stat.mineBlock.minecraft.crafting_table":5,"stat.useItem.minecraft.diamond_pickaxe":564,"stat.mineBlock.minecraft.quartz_block":5,"stat.pickup.harvestcraft.quinoaitem":4,"stat.useItem.minecraft.carrot":2,"stat.useItem.minecraft.wheat":1,"stat.useItem.harvestcraft.waterchestnutitem":1,"stat.pickup.minecraft.leather_leggings":1,"stat.pickup.harvestcraft.mustardseedsitem":2,"stat.drop.harvestcraft.spiceleafitem":1,"stat.drop":16,"stat.pickup.harvestcraft.flaxitem":1,"stat.killEntity.Sheep":23,"stat.pickup.minecraft.slime_ball":3,"stat.pickup.iceandfire.jar_pixie":1,"stat.craftItem.minecraft.diamond_pickaxe":1,"stat.killEntity.Zombie":79,"stat.craftItem.minecraft.dye":8,"stat.pickup.minecraft.snowball":2,"stat.mineBlock.minecraft.gold_ore":22,"stat.diveOneCm":35596,"stat.pickup.minecraft.wheat":5,"stat.pickup.minecraft.gravel":10,"stat.craftItem.minecraft.cooked_porkchop":27,"stat.useItem.minecraft.apple":2,"stat.pickup.minecraft.obsidian":28,"stat.pickup.harvestcraft.ryeitem":11,"stat.killEntity.pig":10,"stat.useItem.minecraft.porkchop":6,"stat.killEntity.grimoireofgaia.vase":1,"stat.useItem.minecraft.potion":5,"stat.pickup.harvestcraft.kohlrabiitem":6,"stat.useItem.minecraft.rotten_flesh":26,"stat.pickup.harvestcraft.blackberryitem":1,"stat.craftItem.travelersbackpack.backpack_tank":2,"stat.jump":3151,"stat.pickup.minecraft.coal":92,"stat.pickup.minecraft.iron_helmet":1,"stat.pickup.minecraft.iron_ingot":8,"stat.useItem.minecraft.stone_axe":16,"stat.pickup.minecraft.gunpowder":5,"stat.mineBlock.harvestcraft.shadedgarden":2,"stat.pickup.harvestcraft.peanutitem":2,"stat.pickup.minecraft.spider_eye":16,"stat.craftItem.minecraft.iron_helmet":2,"stat.mineBlock.harvestcraft.frostgarden":46,"stat.useItem.minecraft.cooked_chicken":1,"stat.pickup.minecraft.iron_ore":132,"stat.pickup.mod_lavacow.glowshroom":1,"stat.mineBlock.mca.rose_gold_ore":11,"stat.pickup.minecraft.gold_ore":42,"stat.mineBlock.minecraft.iron_bars":15,"stat.craftItem.minecraft.flint_and_steel":1,"stat.mineBlock.minecraft.lapis_ore":10,"stat.useItem.harvestcraft.brusselsproutitem":1,"stat.pickup.minecraft.iron_axe":2,"stat.pickup.minecraft.cookie":1,"stat.damageTaken":5040,"stat.pickup.minecraft.leather":9,"stat.mineBlock.minecraft.furnace":9,"stat.mineBlock.minecraft.red_flower":5,"stat.useItem.minecraft.wooden_pickaxe":6,"stat.killEntity.CaveSpider":5,"stat.pickup.minecraft.bed":1,"tombstone:undead_killed":114,"stat.pickup.minecraft.quartz_block":5,"stat.pickup.minecraft.potato":2,"stat.pickup.minecraft.diamond_axe":1,"stat.damageDealt":35842,"stat.craftItem.minecraft.glass":28,"stat.killEntity.bound_soul":1,"stat.mineBlock.minecraft.nether_brick_stairs":1,"stat.pickup.harvestcraft.oatsitem":10,"stat.killEntity.Cow":12,"stat.killEntity.Pig":12,"stat.craftItem.minecraft.iron_sword":1,"stat.pickup.techguns.itemshared":1,"stat.walkOneCm":553322,"stat.playerKills":2,"stat.useItem.minecraft.chest":3,"stat.pickup.minecraft.stick":51,"stat.pickup.harvestcraft.cabbageitem":7,"stat.useItem.minecraft.lava_bucket":1,"stat.useItem.harvestcraft.oatsitem":3,"stat.pickup.harvestcraft.celeryitem":8,"stat.pickup.mod_lavacow.mimic_claw":1,"stat.mineBlock.treasure2.amethyst_ore":1,"stat.useItem.tombstone.gift":2,"stat.pickup.harvestcraft.spiceleafitem":2,"stat.pickup.minecraft.stone":28,"stat.craftItem.minecraft.iron_chestplate":2,"stat.craftItem.minecraft.minecart":1,"stat.pickup.minecraft.gold_ingot":1,"stat.killEntity.Skeleton":13,"stat.craftItem.travelersbackpack.sleeping_bag_bottom":1,"stat.craftItem.techguns.itemshared":5,"stat.mineBlock.minecraft.stonebrick":30,"stat.killEntity.Chicken":1,"stat.pickup.harvestcraft.cucumberitem":1,"stat.killEntity.Spider":17,"stat.pickup.harvestcraft.strawberryitem":2,"stat.useItem.harvestcraft.celeryitem":3,"stat.pickup.minecraft.bread":3,"stat.mobKills":251,"stat.mineBlock.treasure2.skull_chest":1,"stat.useItem.harvestcraft.ryeitem":3,"stat.drop.harvestcraft.rhubarbitem":1,"stat.pickup.minecraft.golden_shovel":1,"stat.pickup.minecraft.diamond":17,"stat.pickup.treasure2.skull_chest":1,"stat.useItem.harvestcraft.broccoliitem":2,"stat.pickup.harvestcraft.raspberryitem":7,"stat.useItem.harvestcraft.kohlrabiitem":1,"stat.pickup.minecraft.torch":7,"stat.mineBlock.minecraft.redstone_ore":9,"stat.mineBlock.harvestcraft.soggygarden":3,"stat.pickup.harvestcraft.beetitem":9,"stat.mineBlock.minecraft.stone":435,"stat.useItem.harvestcraft.mulberryitem":1}