{"stat.useItem.harvestcraft.huckleberryitem":6,"stat.useItem.minecraft.iron_axe":7,"stat.leaveGame":1,"stat.mineBlock.minecraft.cobblestone":3,"stat.pickup.minecraft.stone_pickaxe":1,"stat.pickup.minecraft.flint":1,"stat.craftItem.minecraft.iron_axe":1,"stat.pickup.harvestcraft.huckleberryitem":7,"stat.useItem.harvestcraft.seaweeditem":1,"stat.pickup.tombstone.familiar_stone":2,"stat.swimOneCm":35960,"stat.pickup.harvestcraft.artichokeitem":3,"stat.craftItem.minecraft.shield":1,"stat.climbOneCm":301,"stat.pickup.minecraft.porkchop":12,"stat.pickup.harvestcraft.okraitem":1,"stat.useItem.harvestcraft.tomatoitem":1,"stat.useItem.minecraft.stone_slab2":17,"stat.pickup.harvestcraft.seaweeditem":1,"stat.useItem.minecraft.water_bucket":14,"stat.useItem.harvestcraft.gooseberryitem":6,"stat.pickup.minecraft.sand":3,"stat.craftItem.minecraft.furnace":2,"stat.craftItem.minecraft.stone_axe":1,"stat.craftItem.minecraft.iron_boots":1,"stat.pickup.harvestcraft.broccoliitem":6,"stat.craftItem.minecraft.stone_pickaxe":1,"stat.mineBlock.minecraft.obsidian":15,"stat.pickup.minecraft.cobblestone":197,"stat.pickup.harvestcraft.jicamaitem":1,"stat.flyOneCm":155474,"stat.mineBlock.minecraft.sand":3,"stat.drop.minecraft.wheat_seeds":1,"stat.useItem.harvestcraft.whitemushroomitem":1,"stat.useItem.harvestcraft.jicamaitem":1,"stat.pickup.minecraft.redstone":80,"stat.mineBlock.minecraft.iron_ore":87,"stat.timeSinceDeath":11316,"stat.useItem.minecraft.iron_pickaxe":250,"stat.pickup.mod_lavacow.intestine":2,"stat.craftItem.minecraft.wooden_pickaxe":1,"stat.pickup.minecraft.mutton":29,"stat.killEntity.grimoireofgaia.chest":1,"stat.useItem.harvestcraft.asparagusitem":1,"stat.pickup.harvestcraft.whitemushroomitem":1,"stat.useItem.harvestcraft.peasitem":2,"stat.pickup.harvestcraft.riceitem":1,"stat.pickup.harvestcraft.onionitem":1,"stat.pickup.techguns.basicore":30,"stat.furnaceInteraction":29,"stat.mineBlock.minecraft.coal_ore":93,"stat.pickup.harvestcraft.spinachitem":2,"stat.pickup.srparasites.lurecomponent1":4,"stat.pickup.minecraft.string":22,"stat.pickup.minecraft.beef":5,"stat.pickup.harvestcraft.asparagusitem":1,"stat.pickup.minecraft.furnace":7,"stat.pickup.tombstone.crafting_ingredient":9,"stat.pickup.harvestcraft.brusselsproutitem":1,"stat.craftItem.minecraft.stone_slab2":0,"stat.mineBlock.harvestcraft.windygarden":5,"stat.pickup.harvestcraft.mulberryitem":1,"stat.sprintOneCm":162788,"stat.craftItem.minecraft.wooden_axe":1,"stat.craftItem.minecraft.stick":8,"stat.useItem.harvestcraft.blackberryitem":1,"stat.pickup.mca.rose_gold_ore":11,"stat.killEntity.Horse":2,"stat.mineBlock.minecraft.diamond_ore":10,"stat.mineBlock.minecraft.crafting_table":4,"stat.killEntity.Husk":1,"stat.useItem.minecraft.diamond_pickaxe":179,"stat.pickup.harvestcraft.quinoaitem":3,"stat.useItem.harvestcraft.waterchestnutitem":1,"stat.pickup.minecraft.emerald":4,"stat.pickup.dynamictrees.oakseed":27,"stat.pickup.harvestcraft.mustardseedsitem":2,"stat.deaths":3,"stat.drop":4,"stat.pickup.harvestcraft.flaxitem":1,"stat.playOneMinute":64316,"stat.useItem.harvestcraft.okraitem":1,"stat.killEntity.Sheep":20,"stat.craftItem.minecraft.iron_pickaxe":1,"stat.pickup.minecraft.slime_ball":2,"stat.craftItem.minecraft.diamond_pickaxe":1,"stat.mineBlock.minecraft.gold_ore":22,"stat.mineBlock.minecraft.tallgrass":5,"stat.diveOneCm":15469,"stat.pickup.minecraft.wheat":4,"stat.pickup.harvestcraft.cottonitem":3,"stat.chestOpened":2,"stat.pickup.harvestcraft.tomatoitem":1,"stat.pickup.minecraft.gravel":5,"stat.pickup.harvestcraft.waterchestnutitem":1,"stat.pickup.minecraft.obsidian":28,"stat.pickup.harvestcraft.ryeitem":8,"stat.killEntity.pig":8,"stat.pickup.harvestcraft.chilipepperitem":1,"stat.pickup.harvestcraft.kohlrabiitem":5,"stat.pickup.harvestcraft.blackberryitem":1,"stat.craftItem.minecraft.iron_nugget":9,"stat.jump":1073,"stat.pickup.minecraft.coal":91,"stat.fallOneCm":23852,"stat.pickup.minecraft.iron_ingot":3,"stat.drop.minecraft.dye":2,"stat.useItem.minecraft.stone_axe":16,"stat.pickup.minecraft.gunpowder":4,"stat.crouchOneCm":2576,"stat.mineBlock.harvestcraft.shadedgarden":1,"stat.pickup.harvestcraft.peanutitem":2,"stat.pickup.harvestcraft.caulifloweritem":6,"stat.craftItem.minecraft.iron_ingot":49,"stat.craftItem.minecraft.chest":1,"stat.craftItem.minecraft.iron_helmet":1,"stat.mineBlock.harvestcraft.frostgarden":32,"stat.craftingTableInteraction":24,"stat.pickup.minecraft.iron_ore":126,"stat.mineBlock.mca.rose_gold_ore":11,"stat.pickup.minecraft.gold_ore":42,"stat.craftItem.minecraft.flint_and_steel":1,"stat.mineBlock.minecraft.lapis_ore":9,"stat.useItem.harvestcraft.brusselsproutitem":1,"stat.pickup.minecraft.iron_axe":1,"stat.damageTaken":786,"stat.pickup.minecraft.leather":5,"stat.mineBlock.minecraft.furnace":3,"stat.killEntity.techguns.ZombieMiner":2,"stat.useItem.minecraft.wooden_pickaxe":6,"stat.pickup.minecraft.dye":112,"stat.pickup.minecraft.planks":97,"stat.drop.minecraft.minecart":1,"tombstone:undead_killed":3,"stat.pickup.minecraft.wheat_seeds":1,"stat.pickup.minecraft.potato":2,"stat.mineBlock.minecraft.gravel":6,"stat.useItem.minecraft.stone_pickaxe":84,"stat.craftItem.minecraft.iron_leggings":1,"stat.damageDealt":4415,"stat.pickup.harvestcraft.oatsitem":6,"stat.useItem.harvestcraft.spinachitem":2,"stat.killEntity.Cow":3,"stat.mineBlock.minecraft.dirt":1,"stat.craftItem.minecraft.iron_sword":1,"stat.walkOneCm":132212,"stat.useItem.minecraft.bread":1,"stat.drop.tombstone.crafting_ingredient":1,"stat.pickup.minecraft.stick":37,"stat.useItem.harvestcraft.spiceleafitem":1,"stat.pickup.minecraft.crafting_table":4,"stat.pickup.harvestcraft.cabbageitem":4,"stat.useItem.minecraft.cobblestone":100,"stat.mineBlock.techguns.basicore":15,"stat.craftItem.minecraft.crafting_table":2,"stat.useItem.minecraft.gravel":2,"stat.useItem.minecraft.lava_bucket":1,"stat.pickup.harvestcraft.peasitem":2,"stat.useItem.dynamictrees.oakseed":2,"stat.mineBlock.minecraft.emerald_ore":2,"stat.pickup.harvestcraft.celeryitem":5,"stat.pickup.minecraft.log":47,"stat.useItem.tombstone.gift":1,"stat.pickup.harvestcraft.spiceleafitem":1,"stat.pickup.minecraft.stone":27,"stat.useItem.harvestcraft.riceitem":1,"stat.craftItem.minecraft.iron_chestplate":1,"stat.craftItem.minecraft.minecart":1,"stat.craftItem.minecraft.bucket":2,"stat.mineBlock.minecraft.stonebrick":5,"stat.craftItem.minecraft.planks":188,"stat.useItem.minecraft.iron_sword":84,"stat.pickup.harvestcraft.cucumberitem":1,"stat.killEntity.Spider":2,"stat.pickup.harvestcraft.strawberryitem":2,"stat.pickup.minecraft.bread":1,"stat.useItem.harvestcraft.raspberryitem":2,"stat.mobKills":44,"stat.mineBlock.minecraft.log":5,"stat.mineBlock.treasure2.skull_chest":1,"stat.pickup.minecraft.diamond":17,"stat.pickup.treasure2.skull_chest":1,"stat.pickup.harvestcraft.raspberryitem":5,"stat.mineBlock.minecraft.redstone_ore":9,"stat.sneakTime":914,"stat.pickup.minecraft.wool":20,"stat.mineBlock.harvestcraft.soggygarden":3,"stat.useItem.minecraft.wooden_axe":1,"stat.pickup.harvestcraft.beetitem":9,"stat.mineBlock.minecraft.stone":234,"stat.useItem.harvestcraft.mulberryitem":1,"stat.pickup.harvestcraft.gooseberryitem":6}