{"stat.walkOneCm":23813,"stat.pickup.harvestcraft.tomatoitem":1,"stat.pickup.harvestcraft.whitemushroomitem":1,"stat.pickup.harvestcraft.riceitem":1,"stat.pickup.minecraft.stick":22,"stat.drop.tombstone.crafting_ingredient":1,"stat.leaveGame":1,"stat.pickup.harvestcraft.waterchestnutitem":1,"stat.useItem.minecraft.cobblestone":8,"stat.craftItem.minecraft.crafting_table":2,"stat.furnaceInteraction":3,"stat.useItem.harvestcraft.seaweeditem":1,"stat.useItem.dynamictrees.oakseed":2,"stat.pickup.minecraft.log":47,"stat.pickup.harvestcraft.blackberryitem":1,"stat.jump":198,"stat.swimOneCm":209,"stat.climbOneCm":301,"stat.fallOneCm":7029,"stat.useItem.tombstone.gift":1,"stat.pickup.harvestcraft.asparagusitem":1,"stat.pickup.tombstone.crafting_ingredient":1,"stat.pickup.harvestcraft.brusselsproutitem":1,"stat.pickup.harvestcraft.spiceleafitem":1,"stat.useItem.minecraft.stone_axe":15,"stat.craftItem.minecraft.stone_slab2":0,"stat.pickup.harvestcraft.mulberryitem":1,"stat.pickup.minecraft.stone":2,"stat.crouchOneCm":716,"stat.mineBlock.harvestcraft.shadedgarden":1,"stat.pickup.harvestcraft.okraitem":1,"stat.craftItem.minecraft.iron_ingot":2,"stat.useItem.harvestcraft.tomatoitem":1,"stat.sprintOneCm":27301,"stat.useItem.minecraft.stone_slab2":6,"stat.pickup.harvestcraft.seaweeditem":1,"stat.craftItem.minecraft.wooden_axe":1,"stat.craftItem.minecraft.stick":8,"stat.craftingTableInteraction":6,"stat.pickup.minecraft.iron_ore":22,"stat.useItem.harvestcraft.blackberryitem":1,"stat.useItem.harvestcraft.gooseberryitem":6,"stat.craftItem.minecraft.furnace":1,"stat.craftItem.minecraft.planks":188,"stat.craftItem.minecraft.stone_axe":1,"stat.damageTaken":516,"stat.craftItem.minecraft.stone_pickaxe":1,"stat.useItem.minecraft.wooden_pickaxe":6,"stat.pickup.minecraft.cobblestone":25,"stat.pickup.dynamictrees.oakseed":15,"stat.mineBlock.minecraft.log":5,"stat.pickup.harvestcraft.jicamaitem":1,"stat.flyOneCm":36493,"stat.deaths":2,"stat.pickup.minecraft.wheat_seeds":1,"stat.drop":2,"stat.playOneMinute":16316,"stat.drop.minecraft.wheat_seeds":1,"stat.useItem.harvestcraft.whitemushroomitem":1,"stat.useItem.minecraft.stone_pickaxe":44,"stat.sneakTime":416,"stat.damageDealt":12,"stat.mineBlock.minecraft.iron_ore":22,"stat.timeSinceDeath":7579,"stat.mineBlock.harvestcraft.soggygarden":3,"stat.useItem.minecraft.wooden_axe":1,"stat.mineBlock.minecraft.dirt":1,"stat.craftItem.minecraft.wooden_pickaxe":1,"stat.mineBlock.minecraft.stone":28,"stat.mineBlock.minecraft.tallgrass":3,"stat.diveOneCm":834,"stat.pickup.harvestcraft.gooseberryitem":6}