{"stat.useItem.minecraft.string":2,"stat.useItem.harvestcraft.huckleberryitem":7,"stat.leaveGame":4,"stat.entityKilledBy.techguns.ZombieMiner":1,"stat.craftItem.minecraft.iron_axe":1,"stat.pickup.harvestcraft.huckleberryitem":8,"stat.useItem.harvestcraft.seaweeditem":1,"stat.pickup.tombstone.familiar_stone":3,"stat.pickup.mod_lavacow.cursed_fabric":2,"stat.useItem.minecraft.mutton":1,"stat.craftItem.minecraft.shield":1,"stat.mineBlock.minecraft.web":32,"stat.pickup.minecraft.porkchop":27,"stat.craftItem.iceandfire.jar_empty":2,"stat.pickup.harvestcraft.seaweeditem":1,"stat.useItem.minecraft.water_bucket":14,"stat.drop.minecraft.iron_sword":1,"stat.mineBlock.minecraft.stone_brick_stairs":1,"stat.pickup.minecraft.rotten_flesh":29,"stat.pickup.minecraft.sand":29,"stat.pickup.mod_lavacow.parasite_item":1,"stat.craftItem.minecraft.stone_axe":1,"stat.pickup.minecraft.leather_boots":3,"stat.entityKilledBy.techguns.ZombieSoldier":1,"stat.pickup.minecraft.chainmail_chestplate":2,"stat.mineBlock.minecraft.sand":29,"stat.killEntity.techguns.ZombieFarmer":1,"stat.useItem.minecraft.iron_pickaxe":250,"stat.pickup.mod_lavacow.intestine":4,"stat.craftItem.minecraft.wooden_pickaxe":1,"stat.pickup.harvestcraft.rhubarbitem":1,"stat.useItem.harvestcraft.asparagusitem":1,"stat.useItem.harvestcraft.peasitem":3,"stat.pickup.harvestcraft.onionitem":1,"stat.useItem.harvestcraft.quinoaitem":1,"stat.pickup.techguns.basicore":30,"stat.furnaceInteraction":121,"stat.killEntity.ZombieVillager":2,"stat.pickup.harvestcraft.spinachitem":4,"stat.pickup.srparasites.lurecomponent1":4,"stat.killEntity.mod_lavacow.mimic":1,"stat.pickup.minecraft.beef":16,"stat.pickup.minecraft.furnace":12,"stat.useItem.minecraft.cooked_mutton":11,"stat.pickup.harvestcraft.brusselsproutitem":1,"stat.mineBlock.harvestcraft.windygarden":5,"stat.craftItem.travelersbackpack.travelers_backpack":1,"stat.pickup.tombstone.magic_scroll":2,"stat.useItem.harvestcraft.blackberryitem":1,"stat.pickup.mca.rose_gold_ore":11,"stat.killEntity.Horse":2,"stat.killEntity.Husk":2,"stat.pickup.minecraft.emerald":4,"stat.pickup.dynamictrees.oakseed":27,"stat.deaths":6,"stat.pickup.minecraft.egg":1,"stat.playOneMinute":119409,"stat.useItem.harvestcraft.okraitem":1,"stat.craftItem.minecraft.iron_pickaxe":1,"stat.pickup.minecraft.iron_bars":10,"stat.drop.minecraft.glass_bottle":2,"stat.mineBlock.minecraft.tallgrass":7,"stat.craftItem.minecraft.cooked_mutton":28,"stat.pickup.harvestcraft.cottonitem":5,"stat.chestOpened":32,"stat.pickup.harvestcraft.tomatoitem":1,"stat.useItem.minecraft.stone":4,"stat.pickup.minecraft.iron_sword":1,"stat.pickup.minecraft.arrow":4,"stat.pickup.harvestcraft.waterchestnutitem":1,"stat.pickup.harvestcraft.chilipepperitem":1,"stat.craftItem.minecraft.iron_nugget":9,"stat.pickup.minecraft.cooked_chicken":1,"stat.fallOneCm":65305,"stat.drop.minecraft.dye":2,"stat.pickup.minecraft.carrot":2,"stat.pickup.minecraft.melon_seeds":3,"stat.crouchOneCm":4826,"stat.pickup.iceandfire.pixie_dust":2,"stat.pickup.minecraft.rail":5,"stat.mineBlock.minecraft.chest":1,"stat.pickup.harvestcraft.caulifloweritem":10,"stat.craftItem.minecraft.iron_ingot":70,"stat.craftItem.minecraft.chest":2,"stat.craftingTableInteraction":40,"stat.killEntity.techguns.ZombieMiner":3,"stat.useItem.minecraft.furnace":3,"stat.pickup.minecraft.dye":112,"stat.pickup.minecraft.planks":97,"stat.drop.minecraft.minecart":1,"stat.pickup.minecraft.wheat_seeds":1,"stat.useItem.harvestcraft.rutabagaitem":1,"stat.mineBlock.minecraft.gravel":11,"stat.useItem.minecraft.stone_pickaxe":84,"stat.craftItem.minecraft.iron_leggings":2,"stat.useItem.harvestcraft.spinachitem":2,"stat.mineBlock.minecraft.dirt":1,"stat.pickup.minecraft.chainmail_boots":1,"stat.useItem.minecraft.bread":1,"stat.drop.tombstone.crafting_ingredient":1,"stat.useItem.harvestcraft.spiceleafitem":1,"stat.pickup.minecraft.crafting_table":5,"stat.useItem.minecraft.cobblestone":207,"stat.mineBlock.techguns.basicore":15,"stat.craftItem.minecraft.crafting_table":3,"stat.useItem.minecraft.gravel":2,"stat.pickup.harvestcraft.peasitem":3,"stat.useItem.dynamictrees.oakseed":2,"stat.mineBlock.minecraft.emerald_ore":2,"stat.pickup.minecraft.log":47,"stat.useItem.minecraft.cooked_fish":4,"stat.craftItem.minecraft.gold_ingot":2,"stat.useItem.harvestcraft.riceitem":1,"stat.useItem.harvestcraft.cabbageitem":3,"stat.pickup.minecraft.chicken":1,"stat.pickup.minecraft.chainmail_leggings":4,"stat.useItem.harvestcraft.caulifloweritem":4,"stat.craftItem.minecraft.bucket":2,"stat.craftItem.minecraft.planks":188,"stat.useItem.minecraft.iron_sword":250,"stat.pickup.harvestcraft.rutabagaitem":1,"stat.useItem.harvestcraft.raspberryitem":4,"stat.useItem.minecraft.stonebrick":1,"stat.mineBlock.minecraft.log":5,"stat.pickup.harvestcraft.juteitem":1,"stat.pickup.minecraft.red_flower":5,"stat.sneakTime":1337,"stat.pickup.minecraft.wool":23,"stat.useItem.minecraft.baked_potato":1,"stat.useItem.minecraft.wooden_axe":1,"stat.pickup.harvestcraft.gooseberryitem":6,"stat.pickup.minecraft.chest":2,"stat.cakeSlicesEaten":3,"stat.pickup.minecraft.bone":9,"stat.useItem.minecraft.iron_axe":26,"stat.mineBlock.minecraft.cobblestone":14,"stat.pickup.minecraft.stone_pickaxe":2,"stat.pickup.minecraft.flint":1,"stat.pickup.minecraft.leather_chestplate":1,"stat.craftItem.minecraft.wool":3,"stat.useItem.minecraft.diamond_sword":151,"stat.swimOneCm":41353,"stat.pickup.harvestcraft.artichokeitem":3,"stat.climbOneCm":861,"stat.pickup.harvestcraft.okraitem":1,"stat.useItem.harvestcraft.tomatoitem":1,"stat.useItem.minecraft.cookie":6,"stat.pickup.minecraft.golden_helmet":1,"stat.useItem.minecraft.stone_slab2":32,"stat.pickup.minecraft.bow":1,"stat.pickup.minecraft.iron_boots":1,"stat.useItem.harvestcraft.gooseberryitem":6,"stat.craftItem.minecraft.furnace":5,"stat.useItem.minecraft.egg":1,"stat.craftItem.minecraft.iron_boots":2,"stat.pickup.harvestcraft.broccoliitem":8,"stat.craftItem.minecraft.stone_pickaxe":1,"stat.craftItem.minecraft.cooked_beef":16,"stat.mineBlock.minecraft.obsidian":15,"stat.pickup.minecraft.cobblestone":285,"stat.pickup.harvestcraft.jicamaitem":1,"stat.useItem.harvestcraft.juteitem":1,"stat.flyOneCm":375585,"stat.pickup.minecraft.glass_bottle":1,"stat.drop.minecraft.wheat_seeds":1,"stat.useItem.harvestcraft.whitemushroomitem":1,"stat.useItem.minecraft.cooked_beef":16,"stat.useItem.harvestcraft.jicamaitem":1,"stat.pickup.treasure2.amethyst":1,"stat.pickup.minecraft.redstone":80,"stat.mineBlock.minecraft.iron_ore":87,"stat.timeSinceDeath":38043,"stat.pickup.minecraft.mutton":34,"stat.killEntity.grimoireofgaia.chest":1,"stat.killEntity.techguns.SkeletonSoldier":1,"stat.killEntity.mod_lavacow.parasite":3,"stat.pickup.harvestcraft.whitemushroomitem":1,"stat.pickup.harvestcraft.riceitem":1,"stat.pickup.minecraft.chainmail_helmet":2,"stat.pickup.minecraft.stonebrick":8,"stat.useItem.minecraft.cooked_porkchop":6,"stat.pickup.minecraft.diamond_shovel":1,"stat.mineBlock.minecraft.coal_ore":93,"stat.pickup.minecraft.shield":2,"stat.pickup.minecraft.string":61,"stat.pickup.harvestcraft.asparagusitem":1,"stat.pickup.tombstone.crafting_ingredient":16,"stat.craftItem.minecraft.stone_slab2":0,"stat.pickup.harvestcraft.mulberryitem":1,"stat.sprintOneCm":323360,"stat.craftItem.minecraft.wooden_axe":1,"stat.craftItem.minecraft.stick":12,"stat.useItem.harvestcraft.cottonitem":2,"stat.mineBlock.minecraft.diamond_ore":10,"stat.mineBlock.minecraft.crafting_table":5,"stat.useItem.minecraft.diamond_pickaxe":286,"stat.pickup.harvestcraft.quinoaitem":4,"stat.useItem.minecraft.carrot":2,"stat.useItem.minecraft.wheat":1,"stat.useItem.harvestcraft.waterchestnutitem":1,"stat.pickup.minecraft.leather_leggings":1,"stat.pickup.harvestcraft.mustardseedsitem":2,"stat.drop.harvestcraft.spiceleafitem":1,"stat.drop":9,"stat.pickup.harvestcraft.flaxitem":1,"stat.killEntity.Sheep":23,"stat.pickup.minecraft.slime_ball":3,"stat.pickup.iceandfire.jar_pixie":1,"stat.craftItem.minecraft.diamond_pickaxe":1,"stat.killEntity.Zombie":28,"stat.craftItem.minecraft.dye":5,"stat.pickup.minecraft.snowball":2,"stat.mineBlock.minecraft.gold_ore":22,"stat.diveOneCm":29856,"stat.pickup.minecraft.wheat":5,"stat.pickup.minecraft.gravel":9,"stat.craftItem.minecraft.cooked_porkchop":27,"stat.useItem.minecraft.apple":2,"stat.pickup.minecraft.obsidian":28,"stat.pickup.harvestcraft.ryeitem":11,"stat.killEntity.pig":8,"stat.useItem.minecraft.potion":2,"stat.pickup.harvestcraft.kohlrabiitem":6,"stat.useItem.minecraft.rotten_flesh":5,"stat.pickup.harvestcraft.blackberryitem":1,"stat.craftItem.travelersbackpack.backpack_tank":2,"stat.jump":2444,"stat.pickup.minecraft.coal":91,"stat.pickup.minecraft.iron_ingot":7,"stat.useItem.minecraft.stone_axe":16,"stat.pickup.minecraft.gunpowder":5,"stat.mineBlock.harvestcraft.shadedgarden":2,"stat.pickup.harvestcraft.peanutitem":2,"stat.pickup.minecraft.spider_eye":7,"stat.craftItem.minecraft.iron_helmet":2,"stat.mineBlock.harvestcraft.frostgarden":46,"stat.pickup.minecraft.iron_ore":126,"stat.mineBlock.mca.rose_gold_ore":11,"stat.pickup.minecraft.gold_ore":42,"stat.mineBlock.minecraft.iron_bars":8,"stat.craftItem.minecraft.flint_and_steel":1,"stat.mineBlock.minecraft.lapis_ore":9,"stat.useItem.harvestcraft.brusselsproutitem":1,"stat.pickup.minecraft.iron_axe":1,"stat.pickup.minecraft.cookie":1,"stat.damageTaken":3027,"stat.pickup.minecraft.leather":7,"stat.mineBlock.minecraft.furnace":8,"stat.mineBlock.minecraft.red_flower":5,"stat.useItem.minecraft.wooden_pickaxe":6,"stat.killEntity.CaveSpider":5,"tombstone:undead_killed":42,"stat.pickup.minecraft.potato":2,"stat.damageDealt":16010,"stat.craftItem.minecraft.glass":28,"stat.pickup.harvestcraft.oatsitem":10,"stat.killEntity.Cow":8,"stat.killEntity.Pig":9,"stat.craftItem.minecraft.iron_sword":1,"stat.walkOneCm":333640,"stat.pickup.minecraft.stick":37,"stat.pickup.harvestcraft.cabbageitem":7,"stat.useItem.minecraft.lava_bucket":1,"stat.useItem.harvestcraft.oatsitem":3,"stat.pickup.harvestcraft.celeryitem":8,"stat.pickup.mod_lavacow.mimic_claw":1,"stat.mineBlock.treasure2.amethyst_ore":1,"stat.useItem.tombstone.gift":1,"stat.pickup.harvestcraft.spiceleafitem":2,"stat.pickup.minecraft.stone":28,"stat.craftItem.minecraft.iron_chestplate":1,"stat.craftItem.minecraft.minecart":1,"stat.killEntity.Skeleton":5,"stat.craftItem.travelersbackpack.sleeping_bag_bottom":1,"stat.craftItem.techguns.itemshared":5,"stat.mineBlock.minecraft.stonebrick":15,"stat.killEntity.Chicken":1,"stat.pickup.harvestcraft.cucumberitem":1,"stat.killEntity.Spider":8,"stat.pickup.harvestcraft.strawberryitem":2,"stat.useItem.harvestcraft.celeryitem":3,"stat.pickup.minecraft.bread":3,"stat.mobKills":124,"stat.mineBlock.treasure2.skull_chest":1,"stat.useItem.harvestcraft.ryeitem":3,"stat.drop.harvestcraft.rhubarbitem":1,"stat.pickup.minecraft.diamond":17,"stat.pickup.treasure2.skull_chest":1,"stat.useItem.harvestcraft.broccoliitem":2,"stat.pickup.harvestcraft.raspberryitem":7,"stat.useItem.harvestcraft.kohlrabiitem":1,"stat.pickup.minecraft.torch":4,"stat.mineBlock.minecraft.redstone_ore":9,"stat.mineBlock.harvestcraft.soggygarden":3,"stat.pickup.harvestcraft.beetitem":9,"stat.mineBlock.minecraft.stone":298,"stat.useItem.harvestcraft.mulberryitem":1}