{"stat.pickup.minecraft.bone":1,"stat.useItem.minecraft.stone":2,"stat.drop.minecraft.wooden_pickaxe":1,"stat.useItem.minecraft.iron_axe":72,"stat.leaveGame":2,"stat.pickup.minecraft.arrow":5,"stat.mineBlock.minecraft.cobblestone":2,"stat.craftItem.minecraft.iron_axe":1,"stat.drop.minecraft.redstone":3,"stat.pickup.tombstone.familiar_stone":1,"stat.killEntity.pig":5,"stat.jump":989,"stat.swimOneCm":12495,"stat.pickup.minecraft.coal":391,"stat.fallOneCm":11196,"stat.climbOneCm":10337,"stat.pickup.minecraft.iron_ingot":1,"stat.useItem.minecraft.stone_axe":18,"stat.pickup.minecraft.porkchop":18,"stat.pickup.minecraft.gunpowder":6,"stat.crouchOneCm":1414,"stat.pickup.minecraft.rail":1,"stat.craftItem.minecraft.torch":188,"stat.craftItem.minecraft.iron_ingot":50,"stat.craftItem.minecraft.iron_helmet":1,"stat.useItem.minecraft.stone_slab2":20,"stat.craftingTableInteraction":14,"stat.pickup.minecraft.iron_ore":136,"stat.craftItem.minecraft.furnace":1,"stat.mineBlock.mca.rose_gold_ore":12,"stat.pickup.minecraft.gold_ore":31,"stat.mineBlock.minecraft.lapis_ore":4,"stat.craftItem.minecraft.stone_axe":1,"stat.craftItem.spartanshields.shield_basic_iron":1,"stat.craftItem.minecraft.iron_boots":1,"stat.damageTaken":687,"stat.craftItem.minecraft.stone_pickaxe":1,"stat.mineBlock.minecraft.furnace":2,"stat.killEntity.techguns.ZombieMiner":5,"stat.useItem.minecraft.wooden_pickaxe":12,"stat.pickup.minecraft.cobblestone":112,"stat.pickup.minecraft.dye":25,"stat.pickup.minecraft.planks":1,"stat.flyOneCm":86222,"tombstone:undead_killed":18,"stat.pickup.minecraft.wheat_seeds":2,"stat.pickup.techguns.t1_miner_chestplate":1,"stat.useItem.minecraft.stone_pickaxe":36,"stat.craftItem.minecraft.iron_leggings":1,"stat.killEntity.techguns.ZombieFarmer":8,"stat.damageDealt":4688,"stat.pickup.minecraft.redstone":72,"stat.mineBlock.minecraft.iron_ore":137,"stat.timeSinceDeath":95740,"stat.craftItem.spartanshields.shield_basic_wood":1,"stat.useItem.minecraft.iron_pickaxe":723,"stat.craftItem.minecraft.wooden_pickaxe":1,"stat.walkOneCm":178546,"stat.useItem.minecraft.torch":189,"stat.pickup.minecraft.stick":14,"stat.mineBlock.minecraft.vine":3,"stat.pickup.minecraft.crafting_table":3,"stat.pickup.techguns.basicore":54,"stat.mineBlock.techguns.basicore":54,"stat.useItem.minecraft.cobblestone":42,"stat.craftItem.minecraft.crafting_table":6,"stat.furnaceInteraction":14,"stat.mineBlock.minecraft.rail":1,"stat.mineBlock.minecraft.coal_ore":391,"stat.pickup.srparasites.lurecomponent1":4,"stat.mineBlock.minecraft.emerald_ore":1,"stat.pickup.mod_lavacow.mimic_claw":2,"stat.pickup.minecraft.log":36,"stat.pickup.minecraft.string":2,"stat.killEntity.mod_lavacow.mimic":1,"stat.pickup.minecraft.furnace":3,"stat.craftItem.minecraft.stone_slab2":0,"stat.pickup.minecraft.stone":8,"stat.craftItem.minecraft.iron_chestplate":1,"stat.pickup.minecraft.sapling":1,"stat.sprintOneCm":237938,"stat.pickup.minecraft.apple":8,"stat.craftItem.minecraft.stick":52,"stat.craftItem.minecraft.wooden_axe":1,"stat.pickup.tombstone.magic_scroll":1,"stat.pickup.mca.rose_gold_ore":11,"stat.killEntity.Skeleton":4,"stat.mineBlock.minecraft.stonebrick":1,"stat.craftItem.minecraft.planks":100,"stat.mineBlock.minecraft.diamond_ore":6,"stat.mineBlock.minecraft.crafting_table":3,"stat.killEntity.Spider":1,"stat.mobKills":33,"stat.pickup.minecraft.emerald":1,"stat.pickup.dynamictrees.oakseed":5,"stat.mineBlock.minecraft.log":7,"stat.mineBlock.minecraft.planks":1,"stat.drop":5,"stat.pickup.minecraft.diamond":8,"stat.playOneMinute":95740,"stat.pickup.techguns.handcannon":1,"stat.pickup.minecraft.torch":1,"stat.mineBlock.minecraft.redstone_ore":13,"stat.craftItem.minecraft.iron_pickaxe":3,"stat.sneakTime":402,"stat.useItem.overlast.dumpling":25,"stat.killEntity.Zombie":1,"stat.useItem.minecraft.wooden_axe":6,"stat.mineBlock.minecraft.stone":118,"stat.mineBlock.minecraft.gold_ore":30,"stat.drop.minecraft.wooden_axe":1,"stat.diveOneCm":1341}