{"stat.pickup.minecraft.bone":1,"stat.useItem.minecraft.stone":2,"stat.drop.minecraft.wooden_pickaxe":1,"stat.useItem.minecraft.iron_axe":55,"stat.leaveGame":2,"stat.pickup.minecraft.arrow":5,"stat.mineBlock.minecraft.cobblestone":2,"stat.craftItem.minecraft.iron_axe":1,"stat.pickup.tombstone.familiar_stone":1,"stat.killEntity.pig":5,"stat.jump":799,"stat.swimOneCm":8099,"stat.pickup.minecraft.coal":391,"stat.fallOneCm":9348,"stat.climbOneCm":10269,"stat.pickup.minecraft.iron_ingot":1,"stat.useItem.minecraft.stone_axe":18,"stat.pickup.minecraft.porkchop":9,"stat.pickup.minecraft.gunpowder":4,"stat.crouchOneCm":1201,"stat.pickup.minecraft.rail":1,"stat.craftItem.minecraft.torch":140,"stat.craftItem.minecraft.iron_ingot":50,"stat.craftItem.minecraft.iron_helmet":1,"stat.useItem.minecraft.stone_slab2":18,"stat.craftingTableInteraction":14,"stat.pickup.minecraft.iron_ore":124,"stat.craftItem.minecraft.furnace":1,"stat.mineBlock.mca.rose_gold_ore":10,"stat.pickup.minecraft.gold_ore":16,"stat.craftItem.minecraft.stone_axe":1,"stat.craftItem.spartanshields.shield_basic_iron":1,"stat.craftItem.minecraft.iron_boots":1,"stat.damageTaken":346,"stat.craftItem.minecraft.stone_pickaxe":1,"stat.mineBlock.minecraft.furnace":2,"stat.killEntity.techguns.ZombieMiner":4,"stat.useItem.minecraft.wooden_pickaxe":12,"stat.pickup.minecraft.cobblestone":91,"stat.pickup.minecraft.planks":1,"stat.flyOneCm":57437,"tombstone:undead_killed":13,"stat.pickup.minecraft.wheat_seeds":2,"stat.pickup.techguns.t1_miner_chestplate":1,"stat.useItem.minecraft.stone_pickaxe":36,"stat.craftItem.minecraft.iron_leggings":1,"stat.killEntity.techguns.ZombieFarmer":4,"stat.damageDealt":3729,"stat.pickup.minecraft.redstone":50,"stat.mineBlock.minecraft.iron_ore":125,"stat.timeSinceDeath":83740,"stat.craftItem.spartanshields.shield_basic_wood":1,"stat.useItem.minecraft.iron_pickaxe":653,"stat.craftItem.minecraft.wooden_pickaxe":1,"stat.walkOneCm":148578,"stat.useItem.minecraft.torch":147,"stat.pickup.minecraft.stick":14,"stat.mineBlock.minecraft.vine":3,"stat.pickup.minecraft.crafting_table":3,"stat.pickup.techguns.basicore":47,"stat.mineBlock.techguns.basicore":47,"stat.useItem.minecraft.cobblestone":31,"stat.craftItem.minecraft.crafting_table":6,"stat.furnaceInteraction":14,"stat.mineBlock.minecraft.rail":1,"stat.mineBlock.minecraft.coal_ore":391,"stat.pickup.srparasites.lurecomponent1":4,"stat.pickup.minecraft.log":36,"stat.pickup.minecraft.string":1,"stat.pickup.minecraft.furnace":2,"stat.craftItem.minecraft.stone_slab2":0,"stat.pickup.minecraft.stone":8,"stat.craftItem.minecraft.iron_chestplate":1,"stat.pickup.minecraft.sapling":1,"stat.sprintOneCm":191814,"stat.pickup.minecraft.apple":8,"stat.craftItem.minecraft.stick":40,"stat.craftItem.minecraft.wooden_axe":1,"stat.pickup.tombstone.magic_scroll":1,"stat.pickup.mca.rose_gold_ore":10,"stat.killEntity.Skeleton":4,"stat.mineBlock.minecraft.stonebrick":1,"stat.craftItem.minecraft.planks":100,"stat.mineBlock.minecraft.crafting_table":3,"stat.killEntity.Spider":1,"stat.mobKills":27,"stat.pickup.dynamictrees.oakseed":5,"stat.mineBlock.minecraft.log":7,"stat.mineBlock.minecraft.planks":1,"stat.drop":2,"stat.playOneMinute":83740,"stat.pickup.techguns.handcannon":1,"stat.pickup.minecraft.torch":1,"stat.mineBlock.minecraft.redstone_ore":11,"stat.craftItem.minecraft.iron_pickaxe":3,"stat.sneakTime":298,"stat.useItem.overlast.dumpling":16,"stat.killEntity.Zombie":1,"stat.useItem.minecraft.wooden_axe":6,"stat.mineBlock.minecraft.stone":97,"stat.mineBlock.minecraft.gold_ore":16,"stat.drop.minecraft.wooden_axe":1,"stat.diveOneCm":689}