{"stat.walkOneCm":22836,"stat.useItem.minecraft.torch":7,"stat.craftItem.minecraft.planks":100,"stat.pickup.minecraft.stick":14,"stat.drop.minecraft.wooden_pickaxe":1,"stat.craftItem.minecraft.stone_axe":1,"stat.leaveGame":1,"stat.pickup.minecraft.crafting_table":1,"stat.mineBlock.minecraft.crafting_table":1,"stat.craftItem.minecraft.crafting_table":2,"stat.craftItem.minecraft.stone_pickaxe":1,"stat.useItem.minecraft.wooden_pickaxe":12,"stat.pickup.minecraft.cobblestone":13,"stat.mobKills":5,"stat.mineBlock.minecraft.coal_ore":21,"stat.pickup.dynamictrees.oakseed":5,"stat.mineBlock.minecraft.log":7,"stat.killEntity.pig":5,"stat.pickup.minecraft.log":36,"stat.flyOneCm":11400,"stat.drop":2,"stat.jump":138,"stat.swimOneCm":21,"stat.playOneMinute":16546,"stat.pickup.minecraft.coal":21,"stat.fallOneCm":898,"stat.climbOneCm":248,"stat.useItem.minecraft.stone_pickaxe":24,"stat.useItem.minecraft.stone_axe":15,"stat.damageDealt":500,"stat.pickup.minecraft.porkchop":9,"stat.mineBlock.minecraft.iron_ore":2,"stat.timeSinceDeath":16546,"stat.craftItem.minecraft.torch":40,"stat.useItem.minecraft.wooden_axe":6,"stat.pickup.minecraft.sapling":1,"stat.sprintOneCm":19991,"stat.useItem.minecraft.stone_slab2":4,"stat.craftItem.minecraft.wooden_pickaxe":1,"stat.mineBlock.minecraft.stone":13,"stat.drop.minecraft.wooden_axe":1,"stat.craftItem.minecraft.stick":4,"stat.craftItem.minecraft.wooden_axe":1,"stat.craftingTableInteraction":4,"stat.pickup.minecraft.iron_ore":2}