{"stat.pickup.minecraft.bone":1,"stat.useItem.minecraft.stone":2,"stat.drop.minecraft.wooden_pickaxe":1,"stat.useItem.minecraft.iron_axe":10,"stat.leaveGame":2,"stat.craftItem.minecraft.iron_axe":1,"stat.pickup.tombstone.familiar_stone":1,"stat.killEntity.pig":5,"stat.jump":451,"stat.swimOneCm":3340,"stat.pickup.minecraft.coal":317,"stat.fallOneCm":3773,"stat.climbOneCm":248,"stat.useItem.minecraft.stone_axe":18,"stat.pickup.minecraft.porkchop":9,"stat.craftItem.minecraft.torch":100,"stat.craftItem.minecraft.iron_ingot":50,"stat.craftItem.minecraft.iron_helmet":1,"stat.useItem.minecraft.stone_slab2":15,"stat.craftingTableInteraction":13,"stat.pickup.minecraft.iron_ore":95,"stat.craftItem.minecraft.furnace":1,"stat.craftItem.minecraft.stone_axe":1,"stat.craftItem.spartanshields.shield_basic_iron":1,"stat.craftItem.minecraft.iron_boots":1,"stat.craftItem.minecraft.stone_pickaxe":1,"stat.mineBlock.minecraft.furnace":2,"stat.killEntity.techguns.ZombieMiner":1,"stat.useItem.minecraft.wooden_pickaxe":12,"stat.pickup.minecraft.cobblestone":68,"stat.flyOneCm":33327,"tombstone:undead_killed":2,"stat.pickup.techguns.t1_miner_chestplate":1,"stat.useItem.minecraft.stone_pickaxe":36,"stat.craftItem.minecraft.iron_leggings":1,"stat.damageDealt":1200,"stat.mineBlock.minecraft.iron_ore":96,"stat.timeSinceDeath":59740,"stat.craftItem.spartanshields.shield_basic_wood":1,"stat.useItem.minecraft.iron_pickaxe":469,"stat.craftItem.minecraft.wooden_pickaxe":1,"stat.walkOneCm":90668,"stat.useItem.minecraft.torch":58,"stat.pickup.minecraft.stick":14,"stat.pickup.minecraft.crafting_table":2,"stat.pickup.techguns.basicore":25,"stat.mineBlock.techguns.basicore":25,"stat.useItem.minecraft.cobblestone":1,"stat.craftItem.minecraft.crafting_table":5,"stat.furnaceInteraction":14,"stat.mineBlock.minecraft.coal_ore":319,"stat.pickup.srparasites.lurecomponent1":2,"stat.pickup.minecraft.log":36,"stat.pickup.minecraft.furnace":2,"stat.craftItem.minecraft.stone_slab2":0,"stat.pickup.minecraft.stone":8,"stat.craftItem.minecraft.iron_chestplate":1,"stat.pickup.minecraft.sapling":1,"stat.sprintOneCm":97912,"stat.craftItem.minecraft.stick":28,"stat.craftItem.minecraft.wooden_axe":1,"stat.pickup.tombstone.magic_scroll":1,"stat.killEntity.Skeleton":1,"stat.craftItem.minecraft.planks":100,"stat.mineBlock.minecraft.crafting_table":2,"stat.mobKills":10,"stat.pickup.dynamictrees.oakseed":5,"stat.mineBlock.minecraft.log":7,"stat.drop":2,"stat.playOneMinute":59740,"stat.craftItem.minecraft.iron_pickaxe":2,"stat.useItem.overlast.dumpling":4,"stat.useItem.minecraft.wooden_axe":6,"stat.mineBlock.minecraft.stone":76,"stat.drop.minecraft.wooden_axe":1,"stat.diveOneCm":77}