{"stat.pickup.minecraft.bone":1,"stat.pickup.iceandfire.fire_dragon_flesh":5,"stat.useItem.minecraft.iron_axe":157,"stat.leaveGame":8,"stat.mineBlock.minecraft.cobblestone":12,"stat.pickup.grimoireofgaia.misc_soul_fire":1,"stat.craftItem.minecraft.iron_axe":2,"stat.drop.minecraft.redstone":4,"stat.pickup.tombstone.familiar_stone":1,"stat.swimOneCm":21898,"stat.climbOneCm":11624,"stat.useItem.tombstone.familiar_stone":4,"stat.drop.dynamictrees.birchseed":2,"stat.pickup.minecraft.porkchop":18,"stat.useItem.minecraft.stone_slab2":147,"stat.craftItem.minecraft.furnace":1,"stat.craftItem.minecraft.stone_axe":1,"stat.craftItem.spartanshields.shield_basic_iron":1,"stat.craftItem.minecraft.iron_boots":1,"stat.craftItem.minecraft.stone_pickaxe":1,"stat.pickup.minecraft.cobblestone":120,"stat.mineBlock.treasure2.crate_chest_moldy":1,"stat.entityKilledBy.cyclops":6,"stat.flyOneCm":1038722,"stat.killEntity.techguns.ZombieFarmer":9,"stat.pickup.minecraft.redstone":72,"stat.mineBlock.minecraft.iron_ore":137,"stat.timeSinceDeath":71410,"stat.craftItem.spartanshields.shield_basic_wood":1,"stat.useItem.minecraft.iron_pickaxe":735,"stat.craftItem.minecraft.wooden_pickaxe":1,"stat.pickup.minecraft.mutton":8,"stat.mineBlock.minecraft.vine":3,"stat.pickup.techguns.basicore":54,"stat.furnaceInteraction":14,"stat.mineBlock.minecraft.rail":1,"stat.pickup.iceandfire.dragon_skull":1,"stat.mineBlock.minecraft.coal_ore":391,"stat.drop.minecraft.wool":3,"stat.pickup.srparasites.lurecomponent1":4,"stat.talkedToVillager":28,"stat.pickup.minecraft.string":2,"stat.killEntity.mod_lavacow.mimic":2,"stat.pickup.minecraft.furnace":3,"stat.craftItem.minecraft.stone_slab2":0,"stat.sprintOneCm":429416,"stat.craftItem.minecraft.stick":56,"stat.craftItem.minecraft.wooden_axe":1,"stat.pickup.tombstone.magic_scroll":1,"stat.pickup.mca.rose_gold_ore":11,"stat.mineBlock.minecraft.diamond_ore":6,"stat.mineBlock.minecraft.crafting_table":3,"stat.pickup.minecraft.emerald":2,"stat.pickup.dynamictrees.oakseed":14,"stat.mineBlock.minecraft.planks":1,"stat.deaths":7,"stat.drop":18,"stat.killEntity.cyclops":1,"stat.playOneMinute":238197,"stat.pickup.techguns.handcannon":3,"stat.killEntity.Sheep":10,"stat.useItem.nocubessrparmory.thereapertrue":1,"stat.craftItem.minecraft.iron_pickaxe":3,"stat.useItem.overlast.dumpling":60,"stat.killEntity.Zombie":1,"stat.killEntity.mod_lavacow.unburied":1,"stat.mineBlock.minecraft.gold_ore":30,"stat.mineBlock.minecraft.tallgrass":1,"stat.diveOneCm":13814,"stat.chestOpened":1,"stat.useItem.minecraft.stone":2,"stat.drop.minecraft.wooden_pickaxe":1,"stat.pickup.minecraft.arrow":7,"stat.killEntity.grimoireofgaia.cyan_flower":1,"stat.killEntity.pig":6,"stat.drop.minecraft.apple":3,"stat.jump":2108,"stat.pickup.minecraft.coal":392,"stat.fallOneCm":41363,"stat.pickup.minecraft.iron_ingot":1,"stat.useItem.minecraft.stone_axe":18,"stat.pickup.minecraft.gunpowder":8,"stat.crouchOneCm":1828,"stat.pickup.minecraft.rail":1,"stat.craftItem.minecraft.torch":188,"stat.craftItem.minecraft.iron_ingot":50,"stat.drop.mod_lavacow.mimic_claw":3,"stat.craftItem.minecraft.iron_helmet":1,"stat.craftingTableInteraction":18,"stat.pickup.minecraft.iron_ore":136,"stat.pickup.iceandfire.fire_dragon_heart":1,"stat.mineBlock.mca.rose_gold_ore":12,"stat.pickup.minecraft.gold_ore":31,"stat.mineBlock.minecraft.lapis_ore":4,"stat.mineBlock.minecraft.glass_pane":1,"stat.damageTaken":2790,"stat.pickup.minecraft.leather":6,"stat.mineBlock.minecraft.furnace":2,"stat.killEntity.techguns.ZombieMiner":6,"stat.useItem.minecraft.wooden_pickaxe":12,"stat.pickup.iceandfire.dragonscales_red":27,"stat.pickup.minecraft.dye":25,"stat.pickup.minecraft.planks":1,"tombstone:undead_killed":22,"stat.pickup.minecraft.wheat_seeds":2,"stat.pickup.techguns.t1_miner_chestplate":1,"stat.useItem.minecraft.stone_pickaxe":36,"stat.pickup.waystones.waystone":1,"stat.pickup.iceandfire.cyclops_eye":1,"stat.craftItem.minecraft.iron_leggings":1,"stat.damageDealt":11975,"stat.mineBlock.minecraft.dirt":1,"stat.walkOneCm":298984,"stat.useItem.minecraft.torch":194,"stat.playerKills":1,"stat.pickup.dynamictrees.birchseed":2,"stat.pickup.minecraft.stick":14,"stat.pickup.minecraft.crafting_table":3,"stat.mineBlock.techguns.basicore":54,"stat.useItem.minecraft.cobblestone":120,"stat.craftItem.minecraft.crafting_table":7,"stat.pickup.nocubessrparmory.overlordcore":3,"stat.mineBlock.minecraft.emerald_ore":1,"stat.pickup.mod_lavacow.mimic_claw":7,"stat.pickup.minecraft.log":36,"stat.pickup.minecraft.stone":8,"stat.craftItem.minecraft.iron_chestplate":1,"stat.killEntity.grimoireofgaia.dullahan":2,"stat.pickup.minecraft.sapling":1,"stat.pickup.minecraft.apple":11,"stat.killEntity.Skeleton":5,"stat.mineBlock.minecraft.stonebrick":1,"stat.craftItem.minecraft.planks":104,"stat.drop.grimoireofgaia.misc_soul_fire":1,"stat.killEntity.Spider":1,"stat.mineBlock.waystones.waystone":1,"stat.mobKills":55,"stat.mineBlock.minecraft.log":7,"stat.useItem.carryon.entity_item":4,"stat.pickup.iceandfire.dragonbone":12,"stat.pickup.minecraft.diamond":8,"stat.pickup.minecraft.torch":1,"stat.mineBlock.minecraft.redstone_ore":13,"stat.sneakTime":2601,"stat.pickup.minecraft.wool":11,"stat.killEntity.firedragon":1,"stat.useItem.minecraft.wooden_axe":6,"stat.mineBlock.minecraft.stone":118,"stat.drop.minecraft.wooden_axe":1}