{"stat.flyOneCm":100003,"stat.walkOneCm":11249,"stat.pickup.minecraft.wheat_seeds":1,"stat.jump":129,"stat.swimOneCm":730,"stat.playOneMinute":10687,"stat.fallOneCm":209,"stat.useItem.srparasites.itemmobspawner_infsquid":1,"stat.sneakTime":254,"stat.pickup.srparasites.itemmobspawner_infsquid":1,"stat.damageDealt":93,"stat.crouchOneCm":397,"stat.timeSinceDeath":10687,"stat.useItem.srparasites.itemmobspawner_infpig":2,"stat.sprintOneCm":25265,"stat.useItem.minecraft.stone_slab2":1,"stat.mineBlock.minecraft.tallgrass":2,"stat.diveOneCm":597}