{"stat.killEntity.Skeleton":1,"stat.walkOneCm":8842,"stat.leaveGame":2,"stat.useItem.srparasites.itemmobspawner_fersheep":1,"stat.pickup.securitycraft.gold_mine":1,"stat.mobKills":13,"stat.flyOneCm":157978,"stat.jump":61,"stat.swimOneCm":1396,"stat.playOneMinute":6691,"stat.climbOneCm":57,"stat.killEntity.Sheep":4,"stat.useItem.techguns.powerhammer":6,"stat.sneakTime":304,"stat.pickup.minecraft.wool":1,"stat.damageDealt":105,"stat.pickup.minecraft.porkchop":13,"stat.crouchOneCm":117,"stat.timeSinceDeath":6691,"stat.pickup.minecraft.dirt":5,"stat.sprintOneCm":13728,"stat.mineBlock.minecraft.dirt":5,"stat.useItem.minecraft.stone_slab2":1,"stat.killEntity.Pig":6,"stat.mineBlock.minecraft.tallgrass":1,"stat.diveOneCm":2964,"stat.pickup.minecraft.mutton":2,"stat.useItem.srparasites.itemmobspawner_ranracadapted":1}