{"stat.pickup.iceandfire.fire_dragon_flesh":30,"stat.leaveGame":20,"stat.pickup.grimoireofgaia.misc_soul_fire":1,"stat.craftItem.minecraft.iron_axe":2,"stat.drop.minecraft.redstone":4,"stat.pickup.tombstone.familiar_stone":2,"stat.killEntity.grimoireofgaia.centaur":15,"stat.useItem.minecraft.planks":138,"stat.useItem.tombstone.familiar_stone":4,"stat.drop.dynamictrees.birchseed":13,"stat.pickup.minecraft.porkchop":18,"stat.drop.torchmaster.feral_flare_lantern":10,"stat.useItem.minecraft.water_bucket":5,"stat.pickup.minecraft.rotten_flesh":6,"stat.craftItem.minecraft.stone_axe":1,"stat.pickup.iceandfire.chared_cobblestone":15,"stat.mineBlock.treasure2.crate_chest_moldy":1,"stat.entityKilledBy.cyclops":6,"stat.killEntity.techguns.ZombieFarmer":11,"stat.craftItem.spartanshields.shield_basic_wood":1,"stat.useItem.minecraft.iron_pickaxe":735,"stat.pickup.mod_lavacow.intestine":3,"stat.drop.minecraft.diamond":10,"stat.craftItem.minecraft.wooden_pickaxe":1,"stat.useItem.minecraft.iron_shovel":168,"stat.pickup.grimoireofgaia.box_iron":2,"stat.pickup.harvestcraft.rhubarbitem":1,"stat.mineBlock.minecraft.vine":3,"stat.pickup.techguns.basicore":54,"stat.furnaceInteraction":51,"stat.mineBlock.minecraft.rail":1,"stat.pickup.iceandfire.dragon_skull":4,"stat.pickup.srparasites.lurecomponent1":10,"stat.killEntity.grimoireofgaia.satyress":4,"stat.killEntity.mod_lavacow.mimic":2,"stat.pickup.minecraft.furnace":3,"stat.pickup.tombstone.magic_scroll":2,"stat.pickup.mca.rose_gold_ore":11,"stat.pickup.securitycraft.reinforced_planks":7,"stat.pickup.minecraft.emerald":8,"stat.pickup.dynamictrees.oakseed":135,"stat.deaths":8,"stat.playOneMinute":753604,"stat.pickup.techguns.handcannon":3,"stat.useItem.nocubessrparmory.thereapertrue":4,"stat.pickup.techguns.t1_miner_helmet":1,"stat.craftItem.minecraft.iron_pickaxe":3,"stat.useItem.overlast.dumpling":106,"stat.mineBlock.minecraft.tallgrass":27,"stat.chestOpened":56,"stat.useItem.minecraft.stone":2,"stat.pickup.minecraft.arrow":7,"stat.pickup.minecraft.iron_sword":1,"stat.pickup.techguns.t1_combat_leggings":1,"stat.killEntity.grimoireofgaia.cyan_flower":1,"stat.pickup.minecraft.gold_nugget":3,"stat.fallOneCm":49939,"stat.crouchOneCm":3616,"stat.pickup.minecraft.rail":1,"stat.mineBlock.minecraft.chest":1,"stat.craftItem.minecraft.iron_ingot":136,"stat.craftItem.minecraft.chest":8,"stat.pickup.harvestcraft.walnutitem":2,"stat.craftingTableInteraction":18,"stat.killEntity.techguns.Bandit":2,"stat.pickup.minecraft.feather":2,"stat.killEntity.techguns.ZombieMiner":10,"stat.useItem.minecraft.furnace":7,"stat.pickup.iceandfire.dragonscales_red":109,"stat.craftItem.mca.rose_gold_ingot":11,"stat.pickup.minecraft.dye":28,"stat.pickup.minecraft.planks":17,"stat.pickup.minecraft.iron_leggings":1,"stat.pickup.minecraft.wheat_seeds":6,"stat.pickup.techguns.t1_miner_chestplate":1,"stat.useItem.minecraft.stone_pickaxe":36,"stat.pickup.waystones.waystone":1,"stat.pickup.iceandfire.cyclops_eye":1,"stat.craftItem.minecraft.iron_leggings":1,"stat.useItem.minecraft.wool":1,"stat.mineBlock.minecraft.dirt":10,"stat.useItem.minecraft.torch":213,"stat.pickup.minecraft.iron_nugget":45,"stat.pickup.minecraft.crafting_table":3,"stat.useItem.minecraft.log":23,"stat.mineBlock.techguns.basicore":54,"stat.useItem.minecraft.cobblestone":120,"stat.craftItem.minecraft.crafting_table":7,"stat.pickup.iceandfire.dragonegg_green":1,"stat.craftItem.futuremc.barrel":5,"stat.mineBlock.minecraft.emerald_ore":7,"stat.useItem.dynamictrees.oakseed":51,"stat.pickup.minecraft.log":307,"stat.craftItem.minecraft.gold_ingot":31,"stat.pickup.minecraft.sapling":2,"stat.pickup.iceandfire.dragonscales_gray":137,"stat.pickup.minecraft.apple":12,"stat.pickup.srparasites.bone":1,"stat.craftItem.minecraft.planks":392,"stat.useItem.minecraft.iron_sword":33,"stat.mineBlock.minecraft.log":71,"stat.useItem.carryon.entity_item":6,"stat.pickup.iceandfire.dragonbone":81,"stat.pickup.minecraft.red_flower":2,"stat.sneakTime":8202,"stat.pickup.minecraft.wool":12,"stat.useItem.minecraft.wooden_axe":6,"stat.pickup.minecraft.yellow_flower":3,"stat.pickup.harvestcraft.avocadoitem":3,"stat.drop.minecraft.wooden_axe":1,"stat.pickup.minecraft.chest":1,"stat.pickup.minecraft.bone":7,"stat.useItem.minecraft.iron_axe":180,"stat.mineBlock.minecraft.cobblestone":12,"stat.mineBlock.iceandfire.chared_stone":1,"stat.mineBlock.srparasites.gore":1,"stat.pickup.techguns.netherblaster":1,"stat.swimOneCm":40773,"stat.climbOneCm":12469,"stat.killEntity.techguns.ZombieSoldier":4,"stat.useItem.minecraft.dirt":66,"stat.useItem.minecraft.stone_slab2":2953,"stat.craftItem.minecraft.furnace":1,"stat.craftItem.spartanshields.shield_basic_iron":1,"stat.craftItem.minecraft.iron_boots":1,"stat.craftItem.minecraft.stone_pickaxe":1,"stat.pickup.minecraft.cobblestone":1358,"stat.flyOneCm":3038241,"stat.useItem.securitycraft.reinforced_planks":10,"stat.craftItem.minecraft.wooden_slab":30,"stat.pickup.minecraft.redstone":77,"stat.mineBlock.minecraft.iron_ore":137,"stat.timeSinceDeath":19997,"stat.useItem.minecraft.wooden_slab":5,"stat.pickup.minecraft.mutton":9,"stat.killEntity.techguns.SkeletonSoldier":5,"stat.pickup.harvestcraft.whitemushroomitem":1,"stat.pickup.minecraft.iron_shovel":1,"stat.mineBlock.minecraft.coal_ore":451,"stat.drop.minecraft.wool":3,"stat.talkedToVillager":30,"stat.pickup.minecraft.string":2,"stat.pickup.techguns.t1_scout_helmet":1,"stat.pickup.grimoireofgaia.food_root":1,"stat.craftItem.minecraft.stone_slab2":0,"stat.sprintOneCm":951290,"stat.pickup.grimoireofgaia.bag_arrow":1,"stat.craftItem.minecraft.stick":88,"stat.craftItem.minecraft.wooden_axe":1,"stat.mineBlock.minecraft.diamond_ore":6,"stat.useItem.minecraft.snowball":15,"stat.pickup.nocubessrpnests.organicsample":22,"stat.mineBlock.minecraft.crafting_table":3,"stat.useItem.minecraft.diamond_pickaxe":1299,"stat.mineBlock.minecraft.planks":17,"stat.drop":97,"stat.killEntity.cyclops":1,"stat.killEntity.Sheep":11,"stat.craftItem.minecraft.diamond_pickaxe":1,"stat.killEntity.Zombie":1,"stat.killEntity.mod_lavacow.unburied":1,"stat.pickup.minecraft.snowball":15,"stat.craftItem.minecraft.diamond_axe":1,"stat.mineBlock.minecraft.gold_ore":30,"stat.diveOneCm":38680,"stat.pickup.iceandfire.dragonscales_bronze":39,"stat.pickup.iceandfire.dragonegg_bronze":1,"stat.drop.minecraft.wooden_pickaxe":1,"stat.useItem.minecraft.diamond_axe":133,"stat.pickup.techguns.t1_combat_chestplate":1,"stat.killEntity.pig":6,"stat.drop.minecraft.apple":3,"stat.pickup.harvestcraft.blackberryitem":1,"stat.jump":3755,"stat.pickup.minecraft.coal":507,"stat.pickup.minecraft.iron_helmet":1,"stat.pickup.minecraft.iron_ingot":20,"stat.useItem.minecraft.stone_axe":18,"stat.pickup.minecraft.gunpowder":12,"stat.pickup.iceandfire.chared_stone":8,"stat.mineBlock.harvestcraft.shadedgarden":1,"stat.craftItem.minecraft.torch":292,"stat.drop.mod_lavacow.mimic_claw":3,"stat.craftItem.minecraft.iron_helmet":1,"stat.pickup.minecraft.dirt":50,"stat.mineBlock.harvestcraft.frostgarden":2,"stat.pickup.minecraft.iron_ore":136,"stat.pickup.iceandfire.fire_dragon_heart":4,"stat.mineBlock.mca.rose_gold_ore":12,"stat.pickup.minecraft.gold_ore":31,"stat.mineBlock.minecraft.lapis_ore":4,"stat.entityKilledBy.techguns.SkeletonSoldier":1,"stat.drop.overlast.dumpling":47,"stat.mineBlock.minecraft.glass_pane":1,"stat.damageTaken":3773,"stat.pickup.minecraft.leather":18,"stat.mineBlock.minecraft.furnace":2,"stat.useItem.minecraft.wooden_pickaxe":12,"stat.pickup.srparasites.assimilated_flesh":2,"stat.useItem.customnpcs.npcwand":7,"tombstone:undead_killed":42,"stat.killEntity.grimoireofgaia.spriggan":1,"stat.damageDealt":30579,"stat.sleepInBed":1,"stat.useItem.futuremc.barrel":15,"stat.killEntity.Pig":1,"stat.pickup.grimoireofgaia.food_meat":2,"stat.pickup.techguns.itemshared":11,"stat.walkOneCm":973527,"stat.playerKills":1,"stat.useItem.minecraft.chest":51,"stat.pickup.dynamictrees.birchseed":13,"stat.pickup.minecraft.stick":104,"stat.killEntity.grimoireofgaia.werecat":1,"stat.pickup.nocubessrparmory.overlordcore":12,"stat.pickup.mod_lavacow.mimic_claw":7,"stat.pickup.techguns.t1_combat_boots":1,"stat.pickup.minecraft.stone":9,"stat.craftItem.minecraft.iron_chestplate":1,"stat.killEntity.grimoireofgaia.dullahan":5,"stat.drop.techguns.netherblaster":1,"stat.pickup.harvestcraft.zucchiniitem":1,"stat.killEntity.Skeleton":9,"stat.craftItem.techguns.itemshared":39,"stat.mineBlock.minecraft.stonebrick":1,"stat.drop.grimoireofgaia.misc_soul_fire":1,"stat.killEntity.Spider":1,"stat.mineBlock.waystones.waystone":1,"stat.killEntity.grimoireofgaia.harpy":3,"stat.mobKills":133,"stat.killEntity.mod_lavacow.scarecrow":1,"stat.pickup.iceandfire.dragonegg_gray":1,"stat.pickup.minecraft.diamond":18,"stat.pickup.minecraft.torch":1,"stat.mineBlock.minecraft.redstone_ore":13,"stat.killEntity.grimoireofgaia.bee":2,"stat.killEntity.firedragon":4,"stat.mineBlock.minecraft.stone":1350}