{"stat.pickup.minecraft.bone":1,"stat.useItem.minecraft.iron_axe":135,"stat.leaveGame":7,"stat.mineBlock.minecraft.cobblestone":10,"stat.pickup.grimoireofgaia.misc_soul_fire":1,"stat.craftItem.minecraft.iron_axe":2,"stat.drop.minecraft.redstone":4,"stat.pickup.tombstone.familiar_stone":1,"stat.swimOneCm":21898,"stat.climbOneCm":11523,"stat.useItem.tombstone.familiar_stone":4,"stat.drop.dynamictrees.birchseed":2,"stat.pickup.minecraft.porkchop":18,"stat.useItem.minecraft.stone_slab2":25,"stat.craftItem.minecraft.furnace":1,"stat.craftItem.minecraft.stone_axe":1,"stat.craftItem.spartanshields.shield_basic_iron":1,"stat.craftItem.minecraft.iron_boots":1,"stat.craftItem.minecraft.stone_pickaxe":1,"stat.pickup.minecraft.cobblestone":118,"stat.mineBlock.treasure2.crate_chest_moldy":1,"stat.entityKilledBy.cyclops":4,"stat.flyOneCm":546617,"stat.killEntity.techguns.ZombieFarmer":9,"stat.pickup.minecraft.redstone":72,"stat.mineBlock.minecraft.iron_ore":137,"stat.timeSinceDeath":470,"stat.craftItem.spartanshields.shield_basic_wood":1,"stat.useItem.minecraft.iron_pickaxe":733,"stat.craftItem.minecraft.wooden_pickaxe":1,"stat.mineBlock.minecraft.vine":3,"stat.pickup.techguns.basicore":54,"stat.furnaceInteraction":14,"stat.mineBlock.minecraft.rail":1,"stat.mineBlock.minecraft.coal_ore":391,"stat.pickup.srparasites.lurecomponent1":4,"stat.talkedToVillager":28,"stat.pickup.minecraft.string":2,"stat.killEntity.mod_lavacow.mimic":1,"stat.pickup.minecraft.furnace":3,"stat.craftItem.minecraft.stone_slab2":0,"stat.sprintOneCm":403247,"stat.craftItem.minecraft.stick":56,"stat.craftItem.minecraft.wooden_axe":1,"stat.pickup.tombstone.magic_scroll":1,"stat.pickup.mca.rose_gold_ore":11,"stat.mineBlock.minecraft.diamond_ore":6,"stat.mineBlock.minecraft.crafting_table":3,"stat.pickup.minecraft.emerald":2,"stat.pickup.dynamictrees.oakseed":14,"stat.mineBlock.minecraft.planks":1,"stat.deaths":4,"stat.drop":15,"stat.playOneMinute":164206,"stat.pickup.techguns.handcannon":1,"stat.killEntity.Sheep":7,"stat.craftItem.minecraft.iron_pickaxe":3,"stat.useItem.overlast.dumpling":50,"stat.killEntity.Zombie":1,"stat.killEntity.mod_lavacow.unburied":1,"stat.mineBlock.minecraft.gold_ore":30,"stat.diveOneCm":13814,"stat.chestOpened":1,"stat.useItem.minecraft.stone":2,"stat.drop.minecraft.wooden_pickaxe":1,"stat.pickup.minecraft.arrow":7,"stat.killEntity.pig":6,"stat.drop.minecraft.apple":3,"stat.jump":1987,"stat.pickup.minecraft.coal":392,"stat.fallOneCm":37684,"stat.pickup.minecraft.iron_ingot":1,"stat.useItem.minecraft.stone_axe":18,"stat.pickup.minecraft.gunpowder":8,"stat.crouchOneCm":1532,"stat.pickup.minecraft.rail":1,"stat.craftItem.minecraft.torch":188,"stat.craftItem.minecraft.iron_ingot":50,"stat.drop.mod_lavacow.mimic_claw":3,"stat.craftItem.minecraft.iron_helmet":1,"stat.craftingTableInteraction":18,"stat.pickup.minecraft.iron_ore":136,"stat.mineBlock.mca.rose_gold_ore":12,"stat.pickup.minecraft.gold_ore":31,"stat.mineBlock.minecraft.lapis_ore":4,"stat.mineBlock.minecraft.glass_pane":1,"stat.damageTaken":2059,"stat.mineBlock.minecraft.furnace":2,"stat.killEntity.techguns.ZombieMiner":6,"stat.useItem.minecraft.wooden_pickaxe":12,"stat.pickup.minecraft.dye":25,"stat.pickup.minecraft.planks":1,"tombstone:undead_killed":22,"stat.pickup.minecraft.wheat_seeds":2,"stat.pickup.techguns.t1_miner_chestplate":1,"stat.useItem.minecraft.stone_pickaxe":36,"stat.pickup.waystones.waystone":1,"stat.craftItem.minecraft.iron_leggings":1,"stat.damageDealt":7919,"stat.mineBlock.minecraft.dirt":1,"stat.walkOneCm":274875,"stat.useItem.minecraft.torch":194,"stat.pickup.dynamictrees.birchseed":2,"stat.pickup.minecraft.stick":14,"stat.pickup.minecraft.crafting_table":3,"stat.mineBlock.techguns.basicore":54,"stat.useItem.minecraft.cobblestone":118,"stat.craftItem.minecraft.crafting_table":7,"stat.mineBlock.minecraft.emerald_ore":1,"stat.pickup.mod_lavacow.mimic_claw":5,"stat.pickup.minecraft.log":36,"stat.pickup.minecraft.stone":8,"stat.craftItem.minecraft.iron_chestplate":1,"stat.killEntity.grimoireofgaia.dullahan":2,"stat.pickup.minecraft.sapling":1,"stat.pickup.minecraft.apple":11,"stat.killEntity.Skeleton":5,"stat.mineBlock.minecraft.stonebrick":1,"stat.craftItem.minecraft.planks":104,"stat.drop.grimoireofgaia.misc_soul_fire":1,"stat.killEntity.Spider":1,"stat.mineBlock.waystones.waystone":1,"stat.mobKills":47,"stat.mineBlock.minecraft.log":7,"stat.useItem.carryon.entity_item":4,"stat.pickup.minecraft.diamond":8,"stat.pickup.minecraft.torch":1,"stat.mineBlock.minecraft.redstone_ore":13,"stat.sneakTime":906,"stat.pickup.minecraft.wool":6,"stat.useItem.minecraft.wooden_axe":6,"stat.mineBlock.minecraft.stone":118,"stat.drop.minecraft.wooden_axe":1}