{"stat.pickup.iceandfire.fire_dragon_flesh":19,"stat.leaveGame":19,"stat.pickup.grimoireofgaia.misc_soul_fire":1,"stat.craftItem.minecraft.iron_axe":2,"stat.drop.minecraft.redstone":4,"stat.pickup.tombstone.familiar_stone":2,"stat.killEntity.grimoireofgaia.centaur":15,"stat.useItem.minecraft.planks":138,"stat.useItem.tombstone.familiar_stone":4,"stat.drop.dynamictrees.birchseed":2,"stat.pickup.minecraft.porkchop":18,"stat.drop.torchmaster.feral_flare_lantern":10,"stat.useItem.minecraft.water_bucket":1,"stat.pickup.minecraft.rotten_flesh":5,"stat.craftItem.minecraft.stone_axe":1,"stat.pickup.iceandfire.chared_cobblestone":15,"stat.mineBlock.treasure2.crate_chest_moldy":1,"stat.entityKilledBy.cyclops":6,"stat.killEntity.techguns.ZombieFarmer":11,"stat.craftItem.spartanshields.shield_basic_wood":1,"stat.useItem.minecraft.iron_pickaxe":735,"stat.pickup.mod_lavacow.intestine":3,"stat.drop.minecraft.diamond":10,"stat.craftItem.minecraft.wooden_pickaxe":1,"stat.useItem.minecraft.iron_shovel":168,"stat.pickup.grimoireofgaia.box_iron":2,"stat.mineBlock.minecraft.vine":3,"stat.pickup.techguns.basicore":54,"stat.furnaceInteraction":33,"stat.mineBlock.minecraft.rail":1,"stat.pickup.iceandfire.dragon_skull":3,"stat.pickup.srparasites.lurecomponent1":10,"stat.killEntity.grimoireofgaia.satyress":4,"stat.killEntity.mod_lavacow.mimic":2,"stat.pickup.minecraft.furnace":3,"stat.pickup.tombstone.magic_scroll":2,"stat.pickup.mca.rose_gold_ore":11,"stat.pickup.securitycraft.reinforced_planks":7,"stat.pickup.minecraft.emerald":2,"stat.pickup.dynamictrees.oakseed":54,"stat.deaths":7,"stat.playOneMinute":723771,"stat.pickup.techguns.handcannon":3,"stat.useItem.nocubessrparmory.thereapertrue":3,"stat.pickup.techguns.t1_miner_helmet":1,"stat.craftItem.minecraft.iron_pickaxe":3,"stat.useItem.overlast.dumpling":106,"stat.mineBlock.minecraft.tallgrass":25,"stat.chestOpened":44,"stat.useItem.minecraft.stone":2,"stat.pickup.minecraft.arrow":7,"stat.pickup.minecraft.iron_sword":1,"stat.pickup.techguns.t1_combat_leggings":1,"stat.killEntity.grimoireofgaia.cyan_flower":1,"stat.pickup.minecraft.gold_nugget":3,"stat.fallOneCm":47457,"stat.crouchOneCm":3525,"stat.pickup.minecraft.rail":1,"stat.mineBlock.minecraft.chest":1,"stat.craftItem.minecraft.iron_ingot":122,"stat.craftItem.minecraft.chest":8,"stat.pickup.harvestcraft.walnutitem":2,"stat.craftingTableInteraction":18,"stat.killEntity.techguns.Bandit":2,"stat.pickup.minecraft.feather":2,"stat.killEntity.techguns.ZombieMiner":10,"stat.useItem.minecraft.furnace":7,"stat.pickup.iceandfire.dragonscales_red":27,"stat.craftItem.mca.rose_gold_ingot":11,"stat.pickup.minecraft.dye":27,"stat.pickup.minecraft.planks":17,"stat.pickup.minecraft.iron_leggings":1,"stat.pickup.minecraft.wheat_seeds":5,"stat.pickup.techguns.t1_miner_chestplate":1,"stat.useItem.minecraft.stone_pickaxe":36,"stat.pickup.waystones.waystone":1,"stat.pickup.iceandfire.cyclops_eye":1,"stat.craftItem.minecraft.iron_leggings":1,"stat.useItem.minecraft.wool":1,"stat.mineBlock.minecraft.dirt":6,"stat.useItem.minecraft.torch":213,"stat.pickup.minecraft.iron_nugget":43,"stat.pickup.minecraft.crafting_table":3,"stat.useItem.minecraft.log":8,"stat.mineBlock.techguns.basicore":54,"stat.useItem.minecraft.cobblestone":120,"stat.craftItem.minecraft.crafting_table":7,"stat.pickup.iceandfire.dragonegg_green":1,"stat.craftItem.futuremc.barrel":2,"stat.mineBlock.minecraft.emerald_ore":1,"stat.useItem.dynamictrees.oakseed":6,"stat.pickup.minecraft.log":177,"stat.craftItem.minecraft.gold_ingot":24,"stat.pickup.minecraft.sapling":2,"stat.pickup.iceandfire.dragonscales_gray":137,"stat.pickup.minecraft.apple":12,"stat.pickup.srparasites.bone":1,"stat.craftItem.minecraft.planks":392,"stat.useItem.minecraft.iron_sword":22,"stat.mineBlock.minecraft.log":70,"stat.useItem.carryon.entity_item":6,"stat.pickup.iceandfire.dragonbone":61,"stat.pickup.minecraft.red_flower":2,"stat.sneakTime":7968,"stat.pickup.minecraft.wool":11,"stat.useItem.minecraft.wooden_axe":6,"stat.pickup.minecraft.yellow_flower":3,"stat.pickup.harvestcraft.avocadoitem":3,"stat.drop.minecraft.wooden_axe":1,"stat.pickup.minecraft.chest":1,"stat.pickup.minecraft.bone":7,"stat.useItem.minecraft.iron_axe":180,"stat.mineBlock.minecraft.cobblestone":12,"stat.pickup.techguns.netherblaster":1,"stat.swimOneCm":36551,"stat.climbOneCm":12119,"stat.killEntity.techguns.ZombieSoldier":3,"stat.useItem.minecraft.dirt":42,"stat.useItem.minecraft.stone_slab2":2913,"stat.craftItem.minecraft.furnace":1,"stat.craftItem.spartanshields.shield_basic_iron":1,"stat.craftItem.minecraft.iron_boots":1,"stat.craftItem.minecraft.stone_pickaxe":1,"stat.pickup.minecraft.cobblestone":1281,"stat.flyOneCm":2950204,"stat.useItem.securitycraft.reinforced_planks":10,"stat.craftItem.minecraft.wooden_slab":12,"stat.pickup.minecraft.redstone":77,"stat.mineBlock.minecraft.iron_ore":137,"stat.timeSinceDeath":556984,"stat.pickup.minecraft.mutton":8,"stat.killEntity.techguns.SkeletonSoldier":4,"stat.pickup.minecraft.iron_shovel":1,"stat.mineBlock.minecraft.coal_ore":451,"stat.drop.minecraft.wool":3,"stat.talkedToVillager":28,"stat.pickup.minecraft.string":2,"stat.pickup.techguns.t1_scout_helmet":1,"stat.pickup.grimoireofgaia.food_root":1,"stat.craftItem.minecraft.stone_slab2":0,"stat.sprintOneCm":832615,"stat.pickup.grimoireofgaia.bag_arrow":1,"stat.craftItem.minecraft.stick":88,"stat.craftItem.minecraft.wooden_axe":1,"stat.mineBlock.minecraft.diamond_ore":6,"stat.useItem.minecraft.snowball":15,"stat.pickup.nocubessrpnests.organicsample":22,"stat.mineBlock.minecraft.crafting_table":3,"stat.useItem.minecraft.diamond_pickaxe":1215,"stat.mineBlock.minecraft.planks":17,"stat.drop":86,"stat.killEntity.cyclops":1,"stat.killEntity.Sheep":10,"stat.craftItem.minecraft.diamond_pickaxe":1,"stat.killEntity.Zombie":1,"stat.killEntity.mod_lavacow.unburied":1,"stat.pickup.minecraft.snowball":15,"stat.craftItem.minecraft.diamond_axe":1,"stat.mineBlock.minecraft.gold_ore":30,"stat.diveOneCm":38010,"stat.pickup.iceandfire.dragonscales_bronze":39,"stat.drop.minecraft.wooden_pickaxe":1,"stat.useItem.minecraft.diamond_axe":101,"stat.pickup.techguns.t1_combat_chestplate":1,"stat.killEntity.pig":6,"stat.drop.minecraft.apple":3,"stat.jump":3493,"stat.pickup.minecraft.coal":504,"stat.pickup.minecraft.iron_helmet":1,"stat.pickup.minecraft.iron_ingot":19,"stat.useItem.minecraft.stone_axe":18,"stat.pickup.minecraft.gunpowder":11,"stat.pickup.iceandfire.chared_stone":7,"stat.craftItem.minecraft.torch":292,"stat.drop.mod_lavacow.mimic_claw":3,"stat.craftItem.minecraft.iron_helmet":1,"stat.pickup.minecraft.dirt":31,"stat.mineBlock.harvestcraft.frostgarden":2,"stat.pickup.minecraft.iron_ore":136,"stat.pickup.iceandfire.fire_dragon_heart":3,"stat.mineBlock.mca.rose_gold_ore":12,"stat.pickup.minecraft.gold_ore":31,"stat.mineBlock.minecraft.lapis_ore":4,"stat.drop.overlast.dumpling":47,"stat.mineBlock.minecraft.glass_pane":1,"stat.damageTaken":3305,"stat.pickup.minecraft.leather":18,"stat.mineBlock.minecraft.furnace":2,"stat.useItem.minecraft.wooden_pickaxe":12,"stat.pickup.srparasites.assimilated_flesh":2,"stat.useItem.customnpcs.npcwand":7,"tombstone:undead_killed":40,"stat.killEntity.grimoireofgaia.spriggan":1,"stat.damageDealt":24727,"stat.sleepInBed":1,"stat.useItem.futuremc.barrel":8,"stat.killEntity.Pig":1,"stat.pickup.grimoireofgaia.food_meat":2,"stat.pickup.techguns.itemshared":11,"stat.walkOneCm":894516,"stat.playerKills":1,"stat.useItem.minecraft.chest":51,"stat.pickup.dynamictrees.birchseed":2,"stat.pickup.minecraft.stick":47,"stat.killEntity.grimoireofgaia.werecat":1,"stat.pickup.nocubessrparmory.overlordcore":12,"stat.pickup.mod_lavacow.mimic_claw":7,"stat.pickup.techguns.t1_combat_boots":1,"stat.pickup.minecraft.stone":9,"stat.craftItem.minecraft.iron_chestplate":1,"stat.killEntity.grimoireofgaia.dullahan":5,"stat.drop.techguns.netherblaster":1,"stat.killEntity.Skeleton":9,"stat.craftItem.techguns.itemshared":35,"stat.mineBlock.minecraft.stonebrick":1,"stat.drop.grimoireofgaia.misc_soul_fire":1,"stat.killEntity.Spider":1,"stat.mineBlock.waystones.waystone":1,"stat.killEntity.grimoireofgaia.harpy":3,"stat.mobKills":127,"stat.killEntity.mod_lavacow.scarecrow":1,"stat.pickup.iceandfire.dragonegg_gray":1,"stat.pickup.minecraft.diamond":18,"stat.pickup.minecraft.torch":1,"stat.mineBlock.minecraft.redstone_ore":13,"stat.killEntity.grimoireofgaia.bee":1,"stat.killEntity.firedragon":3,"stat.mineBlock.minecraft.stone":1273}