{"stat.useItem.harvestcraft.rhubarbitem":1,"stat.leaveGame":10,"stat.craftItem.minecraft.iron_axe":1,"stat.pickup.tombstone.familiar_stone":1,"stat.pickup.mod_lavacow.cursed_fabric":1,"stat.craftItem.minecraft.shield":1,"stat.useItem.minecraft.planks":196,"stat.drop.dynamictrees.birchseed":1,"stat.pickup.minecraft.porkchop":57,"stat.pickup.minecraft.glass":3,"stat.pickup.harvestcraft.calamarirawitem":3,"stat.useItem.minecraft.water_bucket":6,"stat.pickup.minecraft.rotten_flesh":12,"stat.pickup.minecraft.sand":37,"stat.craftItem.nocubessrparmory.twistedarmorboots":1,"stat.pickup.torchmaster.feral_flare_lantern":32,"stat.craftItem.minecraft.stone_axe":2,"stat.mineBlock.nocubessrpnests.nestegg":2,"stat.pickup.harvestcraft.sweetpotatoitem":17,"stat.pickup.iceandfire.chared_cobblestone":285,"stat.pickup.harvestcraft.wintersquashitem":5,"stat.entityKilledBy.techguns.ZombieSoldier":1,"stat.pickup.harvestcraft.radishitem":19,"stat.craftItem.minecraft.iron_shovel":1,"stat.mineBlock.minecraft.sand":37,"stat.pickup.iceandfire.ash":13,"stat.pickup.harvestcraft.scallionitem":6,"stat.killEntity.techguns.ZombieFarmer":2,"stat.useItem.minecraft.iron_pickaxe":524,"stat.useItem.minecraft.iron_shovel":250,"stat.pickup.harvestcraft.rhubarbitem":22,"stat.craftItem.minecraft.bed":2,"stat.craftItem.minecraft.glass_pane":16,"stat.pickup.harvestcraft.onionitem":4,"stat.pickup.techguns.basicore":18,"stat.furnaceInteraction":89,"stat.pickup.harvestcraft.cornitem":3,"stat.useItem.harvestcraft.leekitem":1,"stat.pickup.srparasites.lurecomponent1":6,"stat.craftItem.hammerx.item.hammer":2,"stat.drop.minecraft.red_flower":2,"stat.pickup.iceandfire.manuscript":24,"stat.pickup.harvestcraft.turnipitem":7,"stat.killEntity.mod_lavacow.mimic":1,"stat.pickup.minecraft.beef":30,"stat.mineBlock.torchmaster.feral_flare_lantern":2,"stat.pickup.minecraft.furnace":6,"stat.mineBlock.harvestcraft.windygarden":29,"stat.mineBlock.cgm.workbench":1,"stat.craftItem.paraglider.paraglider":1,"stat.craftItem.travelersbackpack.travelers_backpack":1,"stat.craftItem.futuremc.dye":1,"stat.pickup.minecraft.iron_chestplate":5,"stat.pickup.minecraft.skull":2,"stat.pickup.cgm.workbench":1,"stat.useItem.harvestcraft.blackberryitem":1,"stat.pickup.mca.rose_gold_ore":3,"stat.mineBlock.iceandfire.ash":2,"stat.useItem.minecraft.flint_and_steel":1,"stat.pickup.minecraft.pumpkin_seeds":2,"stat.pickup.minecraft.emerald":41,"stat.pickup.minecraft.saddle":1,"stat.pickup.dynamictrees.oakseed":47,"stat.deaths":8,"stat.pickup.minecraft.egg":4,"stat.playOneMinute":293324,"stat.craftItem.minecraft.iron_pickaxe":2,"stat.craftItem.minecraft.diamond_block":4,"stat.useItem.overlast.dumpling":32,"stat.mineBlock.minecraft.tallgrass":17,"stat.chestOpened":247,"stat.craftItem.futuremc.smoker":2,"stat.pickup.harvestcraft.tomatoitem":10,"stat.useItem.minecraft.stone":5,"stat.pickup.minecraft.iron_sword":4,"stat.pickup.minecraft.arrow":4,"stat.mineBlock.minecraft.ice":3,"stat.killEntity.grimoireofgaia.cyan_flower":2,"stat.drop.harvestcraft.tomatoitem":4,"stat.pickup.minecraft.gold_nugget":732,"stat.pickup.harvestcraft.chilipepperitem":3,"stat.pickup.iceandfire.silver_nugget":1,"stat.craftItem.treasure2.key_ring":1,"stat.craftItem.minecraft.iron_nugget":18,"stat.craftItem.minecraft.iron_hoe":1,"stat.fallOneCm":69681,"stat.pickup.minecraft.carrot":10,"stat.pickup.minecraft.melon_seeds":6,"stat.pickup.treasure2.silver_coin":2,"stat.useItem.tombstone.tablet_of_cupidity":1,"stat.crouchOneCm":38382,"stat.useItem.harvestcraft.chilipepperitem":2,"stat.mineBlock.minecraft.chest":44,"stat.craftItem.minecraft.diamond":9,"stat.entityKilledBy.techguns.Bandit":1,"stat.craftItem.minecraft.iron_ingot":92,"stat.craftItem.minecraft.chest":8,"stat.pickup.treasure2.peasants_fortune":1,"stat.pickup.minecraft.red_mushroom":2,"stat.useItem.minecraft.iron_hoe":50,"stat.craftingTableInteraction":35,"stat.killEntity.techguns.ZombieMiner":1,"stat.useItem.futuremc.smoker":2,"stat.useItem.minecraft.furnace":5,"stat.pickup.minecraft.dye":24,"stat.pickup.minecraft.planks":37,"stat.pickup.minecraft.iron_leggings":6,"stat.craftItem.minecraft.diamond_shovel":1,"stat.pickup.minecraft.wheat_seeds":2,"stat.mineBlock.minecraft.gravel":141,"stat.useItem.minecraft.stone_pickaxe":63,"stat.craftItem.minecraft.iron_leggings":1,"stat.mineBlock.minecraft.dirt":169,"stat.mineBlock.minecraft.monster_egg":1,"stat.useItem.minecraft.torch":111,"stat.pickup.minecraft.iron_nugget":10,"stat.useItem.harvestcraft.spiceleafitem":2,"stat.pickup.minecraft.crafting_table":1,"stat.useItem.minecraft.cobblestone":134,"stat.mineBlock.techguns.basicore":21,"stat.craftItem.minecraft.crafting_table":2,"stat.useItem.dynamictrees.oakseed":2,"stat.mineBlock.minecraft.emerald_ore":31,"stat.pickup.minecraft.log":106,"stat.useItem.torchmaster.feral_flare_lantern":24,"stat.useItem.harvestcraft.sweetpotatoitem":1,"stat.pickup.minecraft.iron_pickaxe":2,"stat.craftItem.minecraft.gold_ingot":19,"stat.pickup.minecraft.web":21,"stat.pickup.minecraft.chicken":2,"stat.pickup.minecraft.apple":17,"stat.pickup.harvestcraft.parsnipitem":4,"stat.craftItem.minecraft.bucket":1,"stat.mineBlock.iceandfire.goldpile":144,"stat.craftItem.minecraft.planks":308,"stat.useItem.minecraft.iron_sword":157,"stat.pickup.minecraft.stone_sword":1,"stat.pickup.minecraft.book":9,"stat.mineBlock.minecraft.log":13,"stat.useItem.carryon.entity_item":3,"stat.drop.harvestcraft.flaxitem":1,"stat.pickup.harvestcraft.juteitem":20,"stat.pickup.minecraft.red_flower":7,"stat.sneakTime":14481,"stat.pickup.harvestcraft.tealeafitem":16,"stat.pickup.minecraft.wool":9,"stat.pickup.minecraft.yellow_flower":1,"stat.pickup.minecraft.chest":45,"stat.pickup.minecraft.bone":53,"stat.useItem.harvestcraft.garlicitem":2,"stat.useItem.minecraft.iron_axe":5,"stat.mineBlock.minecraft.cobblestone":18,"stat.pickup.minecraft.flint":16,"stat.mineBlock.iceandfire.chared_stone":305,"stat.pickup.minecraft.leather_chestplate":1,"stat.useItem.harvestcraft.tealeafitem":1,"stat.mineBlock.minecraft.concrete":6,"stat.craftItem.minecraft.wool":2,"stat.swimOneCm":49737,"stat.useItem.minecraft.concrete_powder":6,"stat.climbOneCm":4554,"stat.pickup.harvestcraft.artichokeitem":3,"stat.craftItem.minecraft.gold_block":9,"stat.killEntity.techguns.ZombieSoldier":1,"stat.useItem.harvestcraft.strawberryitem":3,"stat.useItem.minecraft.obsidian":14,"stat.useItem.minecraft.dirt":142,"stat.useItem.harvestcraft.tomatoitem":1,"stat.useItem.minecraft.stone_slab2":57,"stat.useItem.harvestcraft.barleyitem":2,"stat.pickup.minecraft.iron_boots":2,"stat.craftItem.minecraft.furnace":10,"stat.craftItem.minecraft.lapis_block":1,"stat.craftItem.minecraft.iron_boots":1,"stat.pickup.iceandfire.chain_link":50,"stat.craftItem.minecraft.stone_pickaxe":1,"stat.pickup.minecraft.cobblestone":1547,"stat.craftItem.nocubessrparmory.twistedarmorbody":1,"stat.useItem.harvestcraft.juteitem":1,"stat.flyOneCm":2466320,"stat.pickup.minecraft.glass_bottle":1,"stat.useItem.iceandfire.chared_stone":84,"stat.mineBlock.treasure2.gravestone1_polished_granite":1,"stat.pickup.minecraft.fish":3,"stat.useItem.harvestcraft.whitemushroomitem":1,"stat.pickup.treasure2.amethyst":1,"stat.pickup.minecraft.golden_pickaxe":1,"stat.pickup.harvestcraft.leekitem":20,"stat.craftItem.minecraft.emerald_block":3,"stat.pickup.minecraft.redstone":10,"stat.mineBlock.minecraft.iron_ore":128,"stat.timeSinceDeath":169967,"stat.pickup.minecraft.mutton":19,"stat.pickup.futuremc.smoker":4,"stat.killEntity.techguns.SkeletonSoldier":2,"stat.useItem.iceandfire.ash":2,"stat.killEntity.mod_lavacow.parasite":3,"stat.pickup.harvestcraft.whitemushroomitem":25,"stat.pickup.harvestcraft.beanitem":14,"stat.craftItem.minecraft.concrete_powder":16,"stat.useItem.minecraft.cooked_porkchop":8,"stat.mineBlock.minecraft.coal_ore":111,"stat.pickup.minecraft.shield":1,"stat.talkedToVillager":29,"stat.pickup.techguns.t1_combat_helmet":2,"stat.pickup.minecraft.string":10,"stat.pickup.cgm.advanced_ammo":16,"stat.entityKilledBy.techguns.PsychoSteve":1,"stat.pickup.tombstone.crafting_ingredient":2,"stat.pickup.techguns.t1_scout_helmet":1,"stat.craftItem.minecraft.stone_slab2":0,"stat.killEntity.Squid":3,"stat.sprintOneCm":400320,"stat.craftItem.minecraft.stick":48,"stat.pickup.treasure2.charm_book":1,"stat.useItem.carryon.tile_item":1,"stat.mineBlock.minecraft.diamond_ore":46,"stat.pickup.harvestcraft.barleyitem":5,"stat.pickup.nocubessrpnests.organicsample":2,"stat.mineBlock.minecraft.crafting_table":1,"stat.useItem.minecraft.diamond_pickaxe":775,"stat.useItem.minecraft.wheat":2,"stat.pickup.treasure2.gravestone1_polished_granite":1,"stat.pickup.overlast.dumpling":32,"stat.craftItem.minecraft.fish":3,"stat.pickup.harvestcraft.mustardseedsitem":4,"stat.drop":7,"stat.pickup.harvestcraft.flaxitem":8,"stat.killEntity.Sheep":4,"stat.useItem.iceandfire.chared_cobblestone":77,"stat.pickup.minecraft.slime_ball":1,"stat.craftItem.minecraft.diamond_pickaxe":1,"stat.pickup.minecraft.iron_block":3,"stat.killEntity.Zombie":1,"stat.craftItem.minecraft.dye":11,"stat.mineBlock.minecraft.gold_ore":22,"stat.diveOneCm":157806,"stat.pickup.minecraft.wheat":7,"stat.pickup.harvestcraft.garlicitem":27,"stat.pickup.cgm.scope":1,"stat.pickup.minecraft.gravel":114,"stat.craftItem.minecraft.cooked_porkchop":34,"stat.pickup.minecraft.obsidian":24,"stat.killEntity.pig":4,"stat.useItem.minecraft.potion":1,"stat.pickup.harvestcraft.blackberryitem":21,"stat.craftItem.travelersbackpack.backpack_tank":2,"stat.jump":3709,"stat.useItem.minecraft.sand":5,"stat.pickup.minecraft.coal":145,"stat.pickup.minecraft.iron_ingot":30,"stat.useItem.minecraft.stone_axe":70,"stat.pickup.minecraft.gunpowder":2,"stat.pickup.iceandfire.chared_stone":284,"stat.pickup.harvestcraft.peanutitem":5,"stat.mineBlock.harvestcraft.shadedgarden":61,"stat.craftItem.minecraft.torch":96,"stat.pickup.minecraft.dirt":163,"stat.craftItem.minecraft.iron_helmet":1,"stat.craftItem.nocubessrparmory.twistedpart":10,"stat.pickup.harvestcraft.bellpepperitem":4,"stat.pickup.minecraft.iron_ore":125,"stat.mineBlock.mca.rose_gold_ore":3,"stat.pickup.minecraft.gold_ore":22,"stat.entityKilledBy.techguns.SkeletonSoldier":1,"stat.mineBlock.minecraft.lapis_ore":2,"stat.craftItem.minecraft.flint_and_steel":1,"stat.pickup.minecraft.iron_axe":1,"stat.damageTaken":3339,"stat.pickup.minecraft.leather":13,"stat.mineBlock.minecraft.torch":16,"stat.mineBlock.minecraft.red_flower":3,"stat.mineBlock.minecraft.furnace":6,"stat.mineBlock.iceandfire.chared_cobblestone":266,"stat.craftItem.cgm.workbench":1,"stat.pickup.minecraft.reeds":1,"stat.pickup.minecraft.bed":1,"tombstone:undead_killed":10,"stat.pickup.minecraft.concrete":6,"stat.pickup.minecraft.potato":1,"stat.damageDealt":7224,"stat.craftItem.minecraft.glass":23,"stat.sleepInBed":5,"stat.pickup.harvestcraft.lettuceitem":3,"stat.killEntity.Silverfish":4,"stat.killEntity.Cow":8,"stat.killEntity.Pig":19,"stat.craftItem.minecraft.iron_sword":1,"stat.useItem.harvestcraft.onionitem":3,"stat.pickup.techguns.itemshared":4,"stat.walkOneCm":786935,"stat.animalsBred":1,"stat.useItem.minecraft.chest":15,"stat.pickup.dynamictrees.birchseed":3,"stat.pickup.minecraft.stick":39,"stat.pickup.cgm.rifle":1,"stat.mineBlock.futuremc.smoker":4,"stat.mineBlock.treasure2.amethyst_ore":1,"stat.pickup.wolfarmor.gold_wolf_armor":1,"stat.useItem.tombstone.gift":1,"stat.pickup.harvestcraft.spiceleafitem":23,"stat.pickup.minecraft.stone":268,"stat.craftItem.minecraft.iron_chestplate":1,"stat.drop.minecraft.emerald":1,"stat.pickup.harvestcraft.zucchiniitem":9,"stat.pickup.minecraft.gold_ingot":16,"stat.killEntity.Skeleton":2,"stat.craftItem.travelersbackpack.sleeping_bag_bottom":1,"stat.pickup.harvestcraft.amaranthitem":3,"stat.drop.iceandfire.ash":11,"stat.pickup.harvestcraft.cucumberitem":3,"stat.pickup.harvestcraft.strawberryitem":6,"stat.useItem.hammerx.item.hammer":222,"stat.mobKills":74,"stat.drop.harvestcraft.sweetpotatoitem":1,"stat.killEntity.mod_lavacow.banshee":1,"stat.pickup.minecraft.diamond":46,"stat.pickup.minecraft.torch":27,"stat.mineBlock.minecraft.redstone_ore":3,"stat.craftItem.minecraft.coal_block":2,"stat.mineBlock.minecraft.stone":1956}