{"stat.useItem.harvestcraft.rhubarbitem":1,"stat.useItem.harvestcraft.garlicitem":2,"stat.useItem.minecraft.iron_axe":5,"stat.leaveGame":7,"stat.craftItem.minecraft.iron_axe":1,"stat.useItem.harvestcraft.tealeafitem":1,"stat.pickup.tombstone.familiar_stone":1,"stat.swimOneCm":2949,"stat.climbOneCm":1701,"stat.craftItem.minecraft.shield":1,"stat.drop.dynamictrees.birchseed":1,"stat.pickup.minecraft.porkchop":23,"stat.useItem.harvestcraft.strawberryitem":3,"stat.useItem.minecraft.dirt":5,"stat.useItem.harvestcraft.tomatoitem":1,"stat.useItem.minecraft.stone_slab2":12,"stat.useItem.harvestcraft.barleyitem":2,"stat.pickup.minecraft.sand":17,"stat.craftItem.minecraft.furnace":4,"stat.craftItem.minecraft.stone_axe":1,"stat.mineBlock.nocubessrpnests.nestegg":2,"stat.craftItem.minecraft.iron_boots":1,"stat.pickup.harvestcraft.sweetpotatoitem":1,"stat.craftItem.minecraft.stone_pickaxe":1,"stat.pickup.harvestcraft.wintersquashitem":1,"stat.pickup.minecraft.cobblestone":346,"stat.useItem.harvestcraft.juteitem":1,"stat.flyOneCm":1614091,"stat.mineBlock.minecraft.sand":17,"stat.useItem.harvestcraft.whitemushroomitem":1,"stat.pickup.harvestcraft.leekitem":1,"stat.mineBlock.minecraft.iron_ore":63,"stat.timeSinceDeath":22606,"stat.useItem.minecraft.iron_pickaxe":162,"stat.pickup.minecraft.mutton":9,"stat.pickup.harvestcraft.rhubarbitem":1,"stat.craftItem.minecraft.bed":1,"stat.pickup.harvestcraft.whitemushroomitem":1,"stat.pickup.harvestcraft.onionitem":3,"stat.pickup.techguns.basicore":4,"stat.furnaceInteraction":33,"stat.useItem.minecraft.cooked_porkchop":8,"stat.pickup.harvestcraft.cornitem":1,"stat.mineBlock.minecraft.coal_ore":70,"stat.useItem.harvestcraft.leekitem":1,"stat.pickup.srparasites.lurecomponent1":1,"stat.pickup.minecraft.shield":1,"stat.talkedToVillager":22,"stat.craftItem.hammerx.item.hammer":1,"stat.killEntity.mod_lavacow.mimic":1,"stat.pickup.tombstone.crafting_ingredient":1,"stat.craftItem.minecraft.stone_slab2":0,"stat.mineBlock.harvestcraft.windygarden":13,"stat.sprintOneCm":80252,"stat.craftItem.minecraft.stick":16,"stat.useItem.harvestcraft.blackberryitem":1,"stat.useItem.carryon.tile_item":1,"stat.pickup.harvestcraft.barleyitem":3,"stat.pickup.nocubessrpnests.organicsample":2,"stat.pickup.minecraft.pumpkin_seeds":2,"stat.useItem.minecraft.wheat":2,"stat.pickup.minecraft.emerald":1,"stat.pickup.dynamictrees.oakseed":7,"stat.pickup.harvestcraft.mustardseedsitem":1,"stat.deaths":4,"stat.drop":2,"stat.pickup.harvestcraft.flaxitem":2,"stat.playOneMinute":80896,"stat.craftItem.minecraft.iron_pickaxe":1,"stat.pickup.minecraft.iron_block":3,"stat.mineBlock.minecraft.tallgrass":7,"stat.diveOneCm":9744,"stat.pickup.minecraft.wheat":2,"stat.pickup.harvestcraft.garlicitem":2,"stat.chestOpened":28,"stat.craftItem.futuremc.smoker":2,"stat.pickup.harvestcraft.tomatoitem":1,"stat.useItem.minecraft.stone":1,"stat.pickup.minecraft.iron_sword":1,"stat.craftItem.minecraft.cooked_porkchop":17,"stat.pickup.harvestcraft.chilipepperitem":2,"stat.pickup.harvestcraft.blackberryitem":1,"stat.craftItem.treasure2.key_ring":1,"stat.jump":961,"stat.pickup.minecraft.coal":72,"stat.fallOneCm":19564,"stat.pickup.minecraft.carrot":6,"stat.useItem.minecraft.stone_axe":6,"stat.crouchOneCm":13229,"stat.useItem.harvestcraft.chilipepperitem":2,"stat.pickup.harvestcraft.peanutitem":2,"stat.mineBlock.harvestcraft.shadedgarden":4,"stat.craftItem.minecraft.torch":24,"stat.craftItem.minecraft.iron_ingot":69,"stat.craftItem.minecraft.chest":2,"stat.pickup.minecraft.dirt":18,"stat.craftItem.minecraft.iron_helmet":1,"stat.pickup.harvestcraft.bellpepperitem":1,"stat.craftingTableInteraction":15,"stat.pickup.minecraft.iron_ore":62,"stat.entityKilledBy.techguns.SkeletonSoldier":1,"stat.pickup.minecraft.iron_axe":1,"stat.damageTaken":1270,"stat.mineBlock.minecraft.torch":2,"stat.useItem.futuremc.smoker":1,"stat.pickup.minecraft.planks":37,"stat.pickup.minecraft.wheat_seeds":2,"stat.pickup.minecraft.potato":1,"stat.useItem.minecraft.stone_pickaxe":63,"stat.craftItem.minecraft.iron_leggings":1,"stat.damageDealt":2057,"stat.sleepInBed":1,"stat.mineBlock.minecraft.dirt":18,"stat.killEntity.Pig":10,"stat.craftItem.minecraft.iron_sword":1,"stat.useItem.harvestcraft.onionitem":3,"stat.walkOneCm":167979,"stat.useItem.minecraft.torch":18,"stat.useItem.minecraft.chest":1,"stat.pickup.dynamictrees.birchseed":3,"stat.pickup.minecraft.stick":23,"stat.useItem.harvestcraft.spiceleafitem":2,"stat.useItem.minecraft.cobblestone":24,"stat.mineBlock.techguns.basicore":4,"stat.craftItem.minecraft.crafting_table":1,"stat.useItem.dynamictrees.oakseed":2,"stat.pickup.minecraft.log":26,"stat.useItem.harvestcraft.sweetpotatoitem":1,"stat.pickup.minecraft.iron_pickaxe":2,"stat.useItem.tombstone.gift":1,"stat.pickup.harvestcraft.spiceleafitem":2,"stat.pickup.minecraft.stone":27,"stat.craftItem.minecraft.iron_chestplate":1,"stat.drop.minecraft.emerald":1,"stat.pickup.minecraft.apple":9,"stat.pickup.harvestcraft.amaranthitem":2,"stat.craftItem.minecraft.planks":72,"stat.useItem.minecraft.iron_sword":44,"stat.pickup.harvestcraft.cucumberitem":2,"stat.pickup.harvestcraft.strawberryitem":3,"stat.pickup.minecraft.stone_sword":1,"stat.useItem.hammerx.item.hammer":34,"stat.mobKills":19,"stat.mineBlock.minecraft.log":1,"stat.pickup.harvestcraft.juteitem":1,"stat.pickup.minecraft.torch":6,"stat.sneakTime":5767,"stat.pickup.harvestcraft.tealeafitem":1,"stat.pickup.minecraft.wool":3,"stat.mineBlock.minecraft.stone":330,"stat.pickup.minecraft.chest":1}