{"stat.walkOneCm":46688,"stat.useItem.minecraft.torch":16,"stat.pickup.minecraft.stick":4,"stat.useItem.minecraft.stone":1,"stat.leaveGame":3,"stat.useItem.minecraft.cobblestone":4,"stat.craftItem.minecraft.crafting_table":1,"stat.furnaceInteraction":2,"stat.mineBlock.minecraft.coal_ore":33,"stat.talkedToVillager":10,"stat.useItem.dynamictrees.oakseed":2,"stat.pickup.minecraft.log":10,"stat.jump":329,"stat.swimOneCm":1846,"stat.pickup.minecraft.coal":33,"stat.fallOneCm":7402,"stat.climbOneCm":215,"stat.pickup.minecraft.iron_pickaxe":1,"stat.useItem.minecraft.stone_axe":6,"stat.pickup.minecraft.stone":3,"stat.crouchOneCm":4775,"stat.drop.minecraft.emerald":1,"stat.craftItem.minecraft.torch":16,"stat.pickup.minecraft.dirt":6,"stat.useItem.minecraft.dirt":5,"stat.sprintOneCm":38854,"stat.useItem.minecraft.stone_slab2":6,"stat.craftItem.minecraft.stick":4,"stat.craftingTableInteraction":3,"stat.pickup.minecraft.iron_ore":9,"stat.craftItem.minecraft.furnace":1,"stat.entityKilledBy.techguns.SkeletonSoldier":1,"stat.craftItem.minecraft.planks":40,"stat.craftItem.minecraft.stone_axe":1,"stat.damageTaken":252,"stat.craftItem.minecraft.stone_pickaxe":1,"stat.pickup.minecraft.cobblestone":43,"stat.pickup.minecraft.emerald":1,"stat.mobKills":2,"stat.pickup.dynamictrees.oakseed":7,"stat.flyOneCm":1533560,"stat.deaths":1,"stat.drop":1,"stat.playOneMinute":30614,"stat.pickup.minecraft.torch":1,"stat.useItem.minecraft.stone_pickaxe":63,"stat.sneakTime":3255,"stat.damageDealt":339,"stat.mineBlock.minecraft.iron_ore":9,"stat.timeSinceDeath":5438,"stat.mineBlock.minecraft.dirt":6,"stat.useItem.minecraft.iron_pickaxe":22,"stat.mineBlock.minecraft.stone":44,"stat.mineBlock.minecraft.tallgrass":1,"stat.diveOneCm":5897}