{"stat.pickup.minecraft.bone":25,"stat.useItem.harvestcraft.rhubarbitem":1,"stat.useItem.harvestcraft.garlicitem":2,"stat.useItem.minecraft.iron_axe":5,"stat.leaveGame":7,"stat.mineBlock.minecraft.cobblestone":17,"stat.pickup.minecraft.flint":12,"stat.mineBlock.iceandfire.chared_stone":23,"stat.craftItem.minecraft.iron_axe":1,"stat.useItem.harvestcraft.tealeafitem":1,"stat.pickup.tombstone.familiar_stone":1,"stat.mineBlock.minecraft.concrete":6,"stat.craftItem.minecraft.wool":2,"stat.swimOneCm":24493,"stat.useItem.minecraft.concrete_powder":6,"stat.climbOneCm":4286,"stat.craftItem.minecraft.shield":1,"stat.pickup.harvestcraft.artichokeitem":3,"stat.drop.dynamictrees.birchseed":1,"stat.pickup.minecraft.porkchop":50,"stat.useItem.harvestcraft.strawberryitem":3,"stat.useItem.minecraft.dirt":6,"stat.useItem.harvestcraft.tomatoitem":1,"stat.useItem.minecraft.stone_slab2":32,"stat.pickup.harvestcraft.calamarirawitem":3,"stat.useItem.harvestcraft.barleyitem":2,"stat.useItem.minecraft.water_bucket":4,"stat.pickup.minecraft.sand":37,"stat.craftItem.minecraft.furnace":10,"stat.pickup.torchmaster.feral_flare_lantern":30,"stat.craftItem.minecraft.stone_axe":2,"stat.mineBlock.nocubessrpnests.nestegg":2,"stat.craftItem.minecraft.iron_boots":1,"stat.pickup.harvestcraft.sweetpotatoitem":11,"stat.pickup.iceandfire.chared_cobblestone":30,"stat.pickup.iceandfire.chain_link":9,"stat.craftItem.minecraft.stone_pickaxe":1,"stat.pickup.harvestcraft.wintersquashitem":5,"stat.pickup.minecraft.cobblestone":1165,"stat.useItem.harvestcraft.juteitem":1,"stat.entityKilledBy.techguns.ZombieSoldier":1,"stat.flyOneCm":2289716,"stat.pickup.harvestcraft.radishitem":12,"stat.craftItem.minecraft.iron_shovel":1,"stat.mineBlock.minecraft.sand":37,"stat.mineBlock.treasure2.gravestone1_polished_granite":1,"stat.useItem.harvestcraft.whitemushroomitem":1,"stat.pickup.harvestcraft.scallionitem":6,"stat.killEntity.techguns.ZombieFarmer":2,"stat.pickup.harvestcraft.leekitem":11,"stat.mineBlock.minecraft.iron_ore":88,"stat.timeSinceDeath":77539,"stat.useItem.minecraft.iron_pickaxe":489,"stat.pickup.minecraft.mutton":14,"stat.useItem.minecraft.iron_shovel":250,"stat.pickup.harvestcraft.rhubarbitem":13,"stat.pickup.futuremc.smoker":2,"stat.killEntity.techguns.SkeletonSoldier":1,"stat.craftItem.minecraft.bed":2,"stat.pickup.harvestcraft.whitemushroomitem":16,"stat.craftItem.minecraft.glass_pane":16,"stat.pickup.harvestcraft.beanitem":9,"stat.pickup.harvestcraft.onionitem":4,"stat.pickup.techguns.basicore":16,"stat.furnaceInteraction":89,"stat.craftItem.minecraft.concrete_powder":16,"stat.useItem.minecraft.cooked_porkchop":8,"stat.pickup.harvestcraft.cornitem":3,"stat.mineBlock.minecraft.coal_ore":87,"stat.useItem.harvestcraft.leekitem":1,"stat.pickup.srparasites.lurecomponent1":1,"stat.pickup.minecraft.shield":1,"stat.talkedToVillager":29,"stat.craftItem.hammerx.item.hammer":1,"stat.pickup.iceandfire.manuscript":16,"stat.pickup.cgm.advanced_ammo":16,"stat.pickup.harvestcraft.turnipitem":7,"stat.entityKilledBy.techguns.PsychoSteve":1,"stat.killEntity.mod_lavacow.mimic":1,"stat.pickup.minecraft.beef":15,"stat.pickup.tombstone.crafting_ingredient":1,"stat.pickup.techguns.t1_scout_helmet":1,"stat.craftItem.minecraft.stone_slab2":0,"stat.mineBlock.harvestcraft.windygarden":29,"stat.craftItem.paraglider.paraglider":1,"stat.craftItem.travelersbackpack.travelers_backpack":1,"stat.killEntity.Squid":3,"stat.craftItem.futuremc.dye":1,"stat.sprintOneCm":253247,"stat.pickup.minecraft.iron_chestplate":2,"stat.craftItem.minecraft.stick":40,"stat.useItem.harvestcraft.blackberryitem":1,"stat.useItem.carryon.tile_item":1,"stat.mineBlock.minecraft.diamond_ore":20,"stat.pickup.harvestcraft.barleyitem":5,"stat.pickup.nocubessrpnests.organicsample":2,"stat.pickup.minecraft.pumpkin_seeds":2,"stat.useItem.minecraft.wheat":2,"stat.pickup.minecraft.emerald":13,"stat.pickup.dynamictrees.oakseed":27,"stat.pickup.treasure2.gravestone1_polished_granite":1,"stat.pickup.overlast.dumpling":32,"stat.craftItem.minecraft.fish":3,"stat.pickup.harvestcraft.mustardseedsitem":4,"stat.deaths":8,"stat.drop":5,"stat.pickup.minecraft.egg":1,"stat.pickup.harvestcraft.flaxitem":8,"stat.playOneMinute":200896,"stat.killEntity.Sheep":4,"stat.useItem.iceandfire.chared_cobblestone":1,"stat.craftItem.minecraft.iron_pickaxe":2,"stat.pickup.minecraft.slime_ball":1,"stat.useItem.overlast.dumpling":14,"stat.pickup.minecraft.iron_block":3,"stat.craftItem.minecraft.dye":11,"stat.mineBlock.minecraft.gold_ore":6,"stat.mineBlock.minecraft.tallgrass":17,"stat.diveOneCm":104155,"stat.pickup.minecraft.wheat":6,"stat.pickup.harvestcraft.garlicitem":15,"stat.chestOpened":142,"stat.craftItem.futuremc.smoker":2,"stat.pickup.harvestcraft.tomatoitem":10,"stat.useItem.minecraft.stone":3,"stat.pickup.cgm.scope":1,"stat.pickup.minecraft.gravel":101,"stat.pickup.minecraft.iron_sword":2,"stat.pickup.minecraft.arrow":2,"stat.craftItem.minecraft.cooked_porkchop":34,"stat.mineBlock.minecraft.ice":3,"stat.killEntity.grimoireofgaia.cyan_flower":1,"stat.drop.harvestcraft.tomatoitem":4,"stat.pickup.minecraft.obsidian":15,"stat.killEntity.pig":4,"stat.pickup.minecraft.gold_nugget":33,"stat.useItem.minecraft.potion":1,"stat.pickup.harvestcraft.chilipepperitem":3,"stat.pickup.harvestcraft.blackberryitem":15,"stat.craftItem.treasure2.key_ring":1,"stat.craftItem.minecraft.iron_nugget":18,"stat.craftItem.travelersbackpack.backpack_tank":2,"stat.jump":2354,"stat.useItem.minecraft.sand":5,"stat.pickup.minecraft.coal":89,"stat.fallOneCm":52246,"stat.pickup.minecraft.iron_ingot":13,"stat.pickup.minecraft.carrot":10,"stat.useItem.minecraft.stone_axe":46,"stat.pickup.minecraft.gunpowder":2,"stat.useItem.tombstone.tablet_of_cupidity":1,"stat.crouchOneCm":20205,"stat.useItem.harvestcraft.chilipepperitem":2,"stat.pickup.iceandfire.chared_stone":42,"stat.pickup.harvestcraft.peanutitem":5,"stat.mineBlock.harvestcraft.shadedgarden":61,"stat.mineBlock.minecraft.chest":21,"stat.entityKilledBy.techguns.Bandit":1,"stat.craftItem.minecraft.torch":96,"stat.craftItem.minecraft.iron_ingot":92,"stat.craftItem.minecraft.chest":8,"stat.pickup.minecraft.dirt":157,"stat.craftItem.minecraft.iron_helmet":1,"stat.pickup.harvestcraft.bellpepperitem":4,"stat.craftingTableInteraction":35,"stat.pickup.minecraft.iron_ore":87,"stat.pickup.minecraft.gold_ore":6,"stat.entityKilledBy.techguns.SkeletonSoldier":1,"stat.pickup.minecraft.iron_axe":1,"stat.damageTaken":3209,"stat.pickup.minecraft.leather":13,"stat.mineBlock.minecraft.torch":10,"stat.mineBlock.minecraft.red_flower":3,"stat.killEntity.techguns.ZombieMiner":1,"stat.useItem.futuremc.smoker":2,"stat.useItem.minecraft.furnace":5,"stat.mineBlock.iceandfire.chared_cobblestone":21,"stat.pickup.minecraft.dye":8,"stat.pickup.minecraft.planks":37,"stat.craftItem.cgm.workbench":1,"stat.pickup.minecraft.reeds":1,"stat.pickup.minecraft.iron_leggings":2,"tombstone:undead_killed":6,"stat.pickup.minecraft.concrete":6,"stat.pickup.minecraft.wheat_seeds":2,"stat.pickup.minecraft.potato":1,"stat.mineBlock.minecraft.gravel":127,"stat.useItem.minecraft.stone_pickaxe":63,"stat.craftItem.minecraft.iron_leggings":1,"stat.damageDealt":6245,"stat.craftItem.minecraft.glass":23,"stat.sleepInBed":2,"stat.pickup.harvestcraft.lettuceitem":3,"stat.killEntity.Cow":8,"stat.mineBlock.minecraft.dirt":162,"stat.killEntity.Pig":19,"stat.craftItem.minecraft.iron_sword":1,"stat.useItem.harvestcraft.onionitem":3,"stat.walkOneCm":459987,"stat.useItem.minecraft.torch":95,"stat.animalsBred":1,"stat.useItem.minecraft.chest":5,"stat.pickup.dynamictrees.birchseed":3,"stat.pickup.minecraft.stick":35,"stat.useItem.harvestcraft.spiceleafitem":2,"stat.useItem.minecraft.cobblestone":84,"stat.mineBlock.techguns.basicore":17,"stat.craftItem.minecraft.crafting_table":2,"stat.pickup.cgm.rifle":1,"stat.useItem.dynamictrees.oakseed":2,"stat.mineBlock.minecraft.emerald_ore":6,"stat.pickup.minecraft.log":74,"stat.useItem.torchmaster.feral_flare_lantern":3,"stat.useItem.harvestcraft.sweetpotatoitem":1,"stat.mineBlock.futuremc.smoker":2,"stat.pickup.minecraft.iron_pickaxe":2,"stat.useItem.tombstone.gift":1,"stat.pickup.harvestcraft.spiceleafitem":15,"stat.craftItem.minecraft.gold_ingot":6,"stat.pickup.minecraft.stone":183,"stat.pickup.minecraft.web":15,"stat.craftItem.minecraft.iron_chestplate":1,"stat.drop.minecraft.emerald":1,"stat.pickup.harvestcraft.zucchiniitem":9,"stat.pickup.minecraft.apple":14,"stat.pickup.minecraft.gold_ingot":12,"stat.killEntity.Skeleton":2,"stat.craftItem.travelersbackpack.sleeping_bag_bottom":1,"stat.pickup.harvestcraft.parsnipitem":4,"stat.pickup.harvestcraft.amaranthitem":3,"stat.craftItem.minecraft.bucket":1,"stat.mineBlock.iceandfire.goldpile":2,"stat.craftItem.minecraft.planks":180,"stat.useItem.minecraft.iron_sword":136,"stat.pickup.harvestcraft.cucumberitem":3,"stat.pickup.harvestcraft.strawberryitem":6,"stat.pickup.minecraft.stone_sword":1,"stat.useItem.hammerx.item.hammer":137,"stat.mobKills":58,"stat.pickup.minecraft.book":4,"stat.mineBlock.minecraft.log":13,"stat.drop.harvestcraft.sweetpotatoitem":1,"stat.useItem.carryon.entity_item":2,"stat.drop.harvestcraft.flaxitem":1,"stat.pickup.minecraft.diamond":20,"stat.pickup.harvestcraft.juteitem":12,"stat.pickup.minecraft.torch":18,"stat.pickup.minecraft.red_flower":5,"stat.sneakTime":9866,"stat.pickup.harvestcraft.tealeafitem":16,"stat.pickup.minecraft.wool":7,"stat.pickup.minecraft.yellow_flower":1,"stat.mineBlock.minecraft.stone":1292,"stat.pickup.minecraft.chest":22}