{"stat.leaveGame":13,"stat.pickup.tombstone.familiar_stone":1,"stat.killEntity.PigZombie":1,"stat.craftItem.minecraft.shield":1,"stat.pickup.harvestcraft.calamarirawitem":3,"stat.pickup.minecraft.rotten_flesh":13,"stat.pickup.torchmaster.feral_flare_lantern":32,"stat.craftItem.minecraft.stone_axe":2,"stat.pickup.iceandfire.chared_cobblestone":513,"stat.entityKilledBy.techguns.ZombieSoldier":1,"stat.pickup.harvestcraft.radishitem":27,"stat.craftItem.minecraft.iron_shovel":1,"stat.pickup.harvestcraft.scallionitem":9,"stat.useItem.minecraft.iron_pickaxe":524,"stat.pickup.mod_lavacow.intestine":1,"stat.useItem.minecraft.iron_shovel":250,"stat.pickup.harvestcraft.rhubarbitem":31,"stat.pickup.minecraft.double_plant":1,"stat.craftItem.minecraft.bed":2,"stat.craftItem.minecraft.glass_pane":16,"stat.pickup.harvestcraft.onionitem":4,"stat.pickup.techguns.basicore":20,"stat.furnaceInteraction":120,"stat.pickup.harvestcraft.cherryitem":6,"stat.pickup.harvestcraft.cornitem":3,"stat.drop.minecraft.red_flower":2,"stat.pickup.iceandfire.manuscript":48,"stat.killEntity.mod_lavacow.mimic":1,"stat.pickup.minecraft.beef":54,"stat.mineBlock.torchmaster.feral_flare_lantern":2,"stat.craftItem.futuremc.dye":1,"stat.pickup.cgm.workbench":2,"stat.pickup.mca.rose_gold_ore":6,"stat.useItem.minecraft.flint_and_steel":1,"stat.useItem.minecraft.wheat_seeds":4,"stat.pickup.minecraft.emerald":47,"stat.pickup.dynamictrees.oakseed":108,"stat.useItem.minecraft.dye":14,"stat.deaths":8,"stat.pickup.minecraft.egg":7,"stat.craftItem.minecraft.iron_pickaxe":2,"stat.pickup.minecraft.glass_pane":14,"stat.mineBlock.minecraft.tallgrass":21,"stat.chestOpened":398,"stat.useItem.minecraft.stone":5,"stat.pickup.minecraft.iron_sword":6,"stat.pickup.minecraft.arrow":6,"stat.killEntity.grimoireofgaia.cyan_flower":2,"stat.pickup.minecraft.gold_nugget":759,"stat.pickup.harvestcraft.chilipepperitem":3,"stat.craftItem.minecraft.coal":54,"stat.pickup.iceandfire.silver_nugget":1,"stat.craftItem.treasure2.key_ring":1,"stat.pickup.minecraft.carrot":10,"stat.pickup.treasure2.silver_coin":4,"stat.useItem.tombstone.tablet_of_cupidity":1,"stat.crouchOneCm":63229,"stat.mineBlock.minecraft.chest":55,"stat.craftItem.minecraft.diamond":9,"stat.craftItem.minecraft.iron_ingot":120,"stat.pickup.treasure2.peasants_fortune":2,"stat.craftingTableInteraction":42,"stat.useItem.minecraft.reeds":3,"stat.pickup.minecraft.dye":46,"stat.pickup.minecraft.planks":46,"stat.craftItem.minecraft.diamond_shovel":1,"stat.pickup.minecraft.wheat_seeds":9,"stat.mineBlock.minecraft.dirt":275,"stat.useItem.minecraft.cobblestone":137,"stat.mineBlock.minecraft.double_plant":1,"stat.useItem.dynamictrees.oakseed":6,"stat.useItem.torchmaster.feral_flare_lantern":24,"stat.useItem.harvestcraft.sweetpotatoitem":1,"stat.pickup.minecraft.iron_pickaxe":2,"stat.craftItem.minecraft.gold_ingot":75,"stat.pickup.minecraft.chicken":4,"stat.pickup.minecraft.apple":31,"stat.craftItem.minecraft.bucket":1,"stat.craftItem.minecraft.planks":604,"stat.useItem.minecraft.iron_sword":210,"stat.pickup.minecraft.stone_sword":1,"stat.pickup.minecraft.book":20,"stat.mineBlock.minecraft.log":19,"stat.useItem.carryon.entity_item":5,"stat.drop.harvestcraft.flaxitem":1,"stat.pickup.minecraft.red_flower":9,"stat.pickup.minecraft.wool":11,"stat.useItem.minecraft.iron_axe":5,"stat.mineBlock.minecraft.cobblestone":22,"stat.pickup.minecraft.flint":27,"stat.mineBlock.iceandfire.chared_stone":464,"stat.pickup.minecraft.leather_chestplate":1,"stat.mineBlock.minecraft.concrete":6,"stat.craftItem.minecraft.wool":2,"stat.pickup.harvestcraft.market":2,"stat.useItem.minecraft.concrete_powder":6,"stat.pickup.minecraft.cooked_porkchop":11,"stat.killEntity.techguns.ZombieSoldier":2,"stat.useItem.minecraft.obsidian":18,"stat.useItem.harvestcraft.tomatoitem":1,"stat.useItem.minecraft.stone_slab2":98,"stat.pickup.minecraft.iron_boots":5,"stat.craftItem.minecraft.furnace":10,"stat.craftItem.minecraft.lapis_block":1,"stat.craftItem.minecraft.iron_boots":1,"stat.pickup.iceandfire.chain_link":102,"stat.craftItem.futuremc.smooth_stone":12,"stat.flyOneCm":2704364,"stat.useItem.iceandfire.chared_stone":308,"stat.pickup.minecraft.fish":6,"stat.pickup.treasure2.amethyst":2,"stat.craftItem.minecraft.emerald_block":3,"stat.timeSinceDeath":258591,"stat.pickup.futuremc.smoker":4,"stat.craftItem.minecraft.iron_block":3,"stat.killEntity.mod_lavacow.parasite":3,"stat.mineBlock.futuremc.stripped_spruce_log":5,"stat.pickup.harvestcraft.whitemushroomitem":27,"stat.pickup.harvestcraft.beanitem":21,"stat.mineBlock.minecraft.enchanting_table":1,"stat.craftItem.minecraft.concrete_powder":16,"stat.mineBlock.minecraft.coal_ore":111,"stat.pickup.minecraft.shield":1,"stat.talkedToVillager":29,"stat.pickup.minecraft.string":15,"stat.pickup.cgm.advanced_ammo":16,"stat.pickup.tombstone.crafting_ingredient":4,"stat.pickup.techguns.t1_scout_helmet":1,"stat.killEntity.Squid":3,"stat.sprintOneCm":511631,"stat.useItem.minecraft.diamond_shovel":109,"stat.useItem.carryon.tile_item":1,"stat.mineBlock.minecraft.diamond_ore":46,"stat.pickup.nocubessrpnests.organicsample":2,"stat.pickup.overlast.dumpling":32,"stat.craftItem.minecraft.fish":3,"stat.pickup.minecraft.spawn_egg":2,"stat.pickup.harvestcraft.mustardseedsitem":4,"stat.pickup.harvestcraft.flaxitem":8,"stat.pickup.harvestcraft.apple_sapling":1,"stat.craftItem.minecraft.emerald":27,"stat.pickup.minecraft.iron_block":3,"stat.killEntity.Zombie":2,"stat.craftItem.minecraft.dye":11,"stat.craftItem.minecraft.diamond_axe":1,"stat.mineBlock.minecraft.gold_ore":23,"stat.diveOneCm":228022,"stat.pickup.minecraft.wheat":15,"stat.craftItem.minecraft.cooked_porkchop":34,"stat.craftItem.harvestcraft.market":1,"stat.pickup.minecraft.obsidian":26,"stat.jump":4707,"stat.useItem.minecraft.sand":5,"stat.pickup.minecraft.coal":146,"stat.pickup.minecraft.iron_ingot":31,"stat.pickup.minecraft.gunpowder":3,"stat.pickup.iceandfire.chared_stone":421,"stat.craftItem.minecraft.torch":96,"stat.pickup.minecraft.dirt":267,"stat.pickup.minecraft.gold_ore":40,"stat.mineBlock.minecraft.lapis_ore":5,"stat.pickup.minecraft.iron_axe":1,"stat.damageTaken":3525,"stat.mineBlock.minecraft.torch":24,"stat.mineBlock.minecraft.red_flower":4,"stat.pickup.srparasites.assimilated_flesh":1,"stat.craftItem.cgm.workbench":1,"stat.pickup.minecraft.bed":3,"stat.pickup.minecraft.concrete":6,"stat.pickup.minecraft.potato":1,"stat.pickup.harvestcraft.lettuceitem":3,"stat.killEntity.Silverfish":4,"stat.useItem.harvestcraft.onionitem":3,"stat.pickup.techguns.itemshared":8,"stat.useItem.futuremc.blast_furnace":3,"stat.animalsBred":4,"stat.useItem.minecraft.chest":54,"stat.pickup.futuremc.stripped_spruce_log":5,"stat.mineBlock.futuremc.smoker":4,"stat.mineBlock.harvestcraft.market":2,"stat.pickup.wolfarmor.gold_wolf_armor":2,"stat.useItem.tombstone.gift":1,"stat.pickup.harvestcraft.spiceleafitem":27,"stat.craftItem.minecraft.iron_chestplate":1,"stat.useItem.minecraft.netherrack":18,"stat.craftItem.travelersbackpack.sleeping_bag_bottom":1,"stat.craftItem.minecraft.bookshelf":1,"stat.pickup.harvestcraft.cucumberitem":3,"stat.pickup.harvestcraft.strawberryitem":6,"stat.useItem.hammerx.item.hammer":265,"stat.mineBlock.minecraft.glowstone":11,"stat.mobKills":92,"stat.mineBlock.minecraft.bookshelf":1,"stat.pickup.minecraft.diamond":46,"stat.pickup.minecraft.torch":36,"stat.craftItem.minecraft.spruce_stairs":12,"stat.pickup.futuremc.ancient_debris":4,"stat.useItem.harvestcraft.rhubarbitem":1,"stat.craftItem.minecraft.iron_axe":1,"stat.pickup.mod_lavacow.cursed_fabric":2,"stat.useItem.minecraft.planks":415,"stat.drop.dynamictrees.birchseed":1,"stat.pickup.minecraft.glowstone_dust":33,"stat.pickup.minecraft.porkchop":64,"stat.pickup.minecraft.glass":6,"stat.useItem.minecraft.water_bucket":6,"stat.pickup.minecraft.sand":37,"stat.craftItem.minecraft.golden_apple":1,"stat.craftItem.nocubessrparmory.twistedarmorboots":1,"stat.mineBlock.nocubessrpnests.nestegg":2,"stat.pickup.harvestcraft.sweetpotatoitem":21,"stat.pickup.harvestcraft.wintersquashitem":5,"stat.mineBlock.minecraft.sand":37,"stat.pickup.iceandfire.ash":24,"stat.killEntity.techguns.ZombieFarmer":3,"stat.useItem.minecraft.oak_stairs":8,"stat.useItem.harvestcraft.leekitem":1,"stat.pickup.srparasites.lurecomponent1":6,"stat.craftItem.hammerx.item.hammer":2,"stat.pickup.harvestcraft.turnipitem":7,"stat.pickup.minecraft.furnace":6,"stat.mineBlock.harvestcraft.windygarden":29,"stat.mineBlock.cgm.workbench":2,"stat.craftItem.paraglider.paraglider":1,"stat.craftItem.travelersbackpack.travelers_backpack":1,"stat.pickup.minecraft.iron_chestplate":8,"stat.pickup.minecraft.skull":4,"stat.pickup.tombstone.magic_scroll":1,"stat.useItem.harvestcraft.blackberryitem":1,"stat.mineBlock.iceandfire.ash":2,"stat.pickup.minecraft.pumpkin_seeds":2,"stat.pickup.minecraft.saddle":2,"stat.mineBlock.minecraft.oak_stairs":2,"stat.playOneMinute":381948,"stat.craftItem.minecraft.diamond_block":4,"stat.useItem.overlast.dumpling":32,"stat.pickup.minecraft.netherrack":65,"stat.craftItem.futuremc.smoker":2,"stat.pickup.harvestcraft.tomatoitem":11,"stat.mineBlock.minecraft.netherrack":71,"stat.mineBlock.minecraft.ice":3,"stat.drop.harvestcraft.tomatoitem":4,"stat.craftItem.minecraft.iron_nugget":18,"stat.craftItem.minecraft.iron_hoe":1,"stat.fallOneCm":91108,"stat.pickup.minecraft.melon_seeds":16,"stat.useItem.harvestcraft.chilipepperitem":2,"stat.entityKilledBy.techguns.Bandit":1,"stat.craftItem.minecraft.chest":8,"stat.pickup.minecraft.red_mushroom":4,"stat.useItem.minecraft.iron_hoe":50,"stat.killEntity.techguns.ZombieMiner":2,"stat.useItem.futuremc.smoker":3,"stat.useItem.minecraft.furnace":17,"stat.pickup.minecraft.iron_leggings":7,"stat.mineBlock.minecraft.gravel":141,"stat.useItem.minecraft.stone_pickaxe":63,"stat.craftItem.minecraft.iron_leggings":1,"stat.craftItem.minecraft.oak_stairs":8,"stat.mineBlock.minecraft.monster_egg":1,"stat.pickup.minecraft.flint_and_steel":1,"stat.useItem.minecraft.torch":115,"stat.pickup.minecraft.iron_nugget":10,"stat.useItem.harvestcraft.spiceleafitem":2,"stat.pickup.minecraft.crafting_table":2,"stat.useItem.minecraft.log":4,"stat.mineBlock.techguns.basicore":21,"stat.craftItem.minecraft.crafting_table":3,"stat.mineBlock.minecraft.emerald_ore":36,"stat.pickup.minecraft.log":275,"stat.pickup.minecraft.web":46,"stat.pickup.minecraft.sapling":1,"stat.pickup.harvestcraft.parsnipitem":4,"stat.mineBlock.iceandfire.goldpile":151,"stat.mineBlock.futuremc.ancient_debris":4,"stat.pickup.harvestcraft.juteitem":28,"stat.sneakTime":21145,"stat.pickup.harvestcraft.tealeafitem":22,"stat.pickup.minecraft.yellow_flower":1,"stat.pickup.minecraft.chest":56,"stat.craftItem.minecraft.enchanting_table":1,"stat.pickup.minecraft.bone":55,"stat.useItem.harvestcraft.garlicitem":2,"stat.useItem.harvestcraft.tealeafitem":1,"stat.swimOneCm":53945,"stat.climbOneCm":6367,"stat.pickup.harvestcraft.artichokeitem":3,"stat.mineBlock.minecraft.spruce_stairs":2,"stat.craftItem.minecraft.gold_block":9,"stat.useItem.harvestcraft.strawberryitem":3,"stat.useItem.minecraft.dirt":145,"stat.useItem.harvestcraft.barleyitem":2,"stat.pickup.minecraft.enchanting_table":1,"stat.craftItem.minecraft.stone_pickaxe":1,"stat.pickup.minecraft.cobblestone":1832,"stat.craftItem.nocubessrparmory.twistedarmorbody":1,"stat.useItem.harvestcraft.juteitem":1,"stat.pickup.minecraft.glass_bottle":1,"stat.mineBlock.treasure2.gravestone1_polished_granite":1,"stat.useItem.harvestcraft.whitemushroomitem":1,"stat.pickup.minecraft.golden_pickaxe":1,"stat.pickup.harvestcraft.leekitem":32,"stat.pickup.minecraft.redstone":10,"stat.mineBlock.minecraft.iron_ore":129,"stat.pickup.minecraft.mutton":30,"stat.killEntity.techguns.SkeletonSoldier":2,"stat.useItem.iceandfire.ash":12,"stat.useItem.minecraft.cooked_porkchop":8,"stat.pickup.techguns.t1_combat_helmet":4,"stat.entityKilledBy.techguns.PsychoSteve":1,"stat.craftItem.minecraft.stone_slab2":0,"stat.craftItem.minecraft.stick":48,"stat.pickup.treasure2.charm_book":2,"stat.craftItem.minecraft.stone":49,"stat.pickup.harvestcraft.barleyitem":5,"stat.mineBlock.minecraft.crafting_table":2,"stat.useItem.minecraft.diamond_pickaxe":947,"stat.useItem.minecraft.wheat":2,"stat.pickup.treasure2.gravestone1_polished_granite":1,"stat.mineBlock.minecraft.planks":9,"stat.drop":7,"stat.killEntity.Sheep":6,"stat.useItem.iceandfire.chared_cobblestone":151,"stat.pickup.minecraft.slime_ball":4,"stat.craftItem.minecraft.diamond_pickaxe":1,"stat.pickup.harvestcraft.garlicitem":43,"stat.pickup.cgm.scope":1,"stat.pickup.minecraft.gravel":126,"stat.useItem.minecraft.diamond_axe":60,"stat.killEntity.pig":4,"stat.useItem.minecraft.potion":1,"stat.pickup.harvestcraft.blackberryitem":29,"stat.craftItem.travelersbackpack.backpack_tank":2,"stat.useItem.minecraft.stone_axe":80,"stat.pickup.harvestcraft.peanutitem":5,"stat.mineBlock.harvestcraft.shadedgarden":70,"stat.pickup.minecraft.spider_eye":1,"stat.craftItem.minecraft.iron_helmet":1,"stat.craftItem.nocubessrparmory.twistedpart":10,"stat.pickup.harvestcraft.bellpepperitem":4,"stat.pickup.minecraft.iron_ore":169,"stat.mineBlock.mca.rose_gold_ore":3,"stat.entityKilledBy.techguns.SkeletonSoldier":1,"stat.craftItem.minecraft.flint_and_steel":1,"stat.pickup.minecraft.leather":15,"stat.mineBlock.minecraft.furnace":6,"stat.mineBlock.iceandfire.chared_cobblestone":411,"stat.pickup.mod_lavacow.chitin":4,"stat.pickup.minecraft.reeds":7,"stat.killEntity.CaveSpider":1,"tombstone:undead_killed":15,"stat.pickup.minecraft.oak_stairs":2,"stat.damageDealt":9282,"stat.craftItem.minecraft.glass":23,"stat.sleepInBed":10,"stat.killEntity.Cow":10,"stat.killEntity.Pig":19,"stat.craftItem.minecraft.iron_sword":1,"stat.walkOneCm":1084610,"stat.pickup.dynamictrees.birchseed":3,"stat.pickup.minecraft.stick":123,"stat.pickup.cgm.rifle":1,"stat.mineBlock.treasure2.amethyst_ore":1,"stat.pickup.minecraft.stone":361,"stat.useItem.minecraft.spruce_stairs":13,"stat.drop.minecraft.emerald":1,"stat.pickup.harvestcraft.zucchiniitem":13,"stat.pickup.minecraft.gold_ingot":16,"stat.killEntity.Skeleton":2,"stat.pickup.harvestcraft.amaranthitem":3,"stat.drop.iceandfire.ash":11,"stat.pickup.minecraft.bread":2,"stat.drop.harvestcraft.sweetpotatoitem":1,"stat.killEntity.mod_lavacow.banshee":1,"stat.mineBlock.minecraft.leaves":1,"stat.pickup.minecraft.spruce_stairs":2,"stat.mineBlock.minecraft.redstone_ore":3,"stat.craftItem.minecraft.coal_block":2,"stat.mineBlock.minecraft.stone":1961}