{"stat.chestOpened":2,"stat.craftItem.futuremc.smoker":2,"stat.useItem.minecraft.stone":1,"stat.useItem.minecraft.iron_axe":4,"stat.leaveGame":3,"stat.craftItem.minecraft.cooked_porkchop":17,"stat.craftItem.minecraft.iron_axe":1,"stat.jump":405,"stat.swimOneCm":2233,"stat.pickup.minecraft.coal":33,"stat.fallOneCm":8505,"stat.climbOneCm":369,"stat.craftItem.minecraft.shield":1,"stat.drop.dynamictrees.birchseed":1,"stat.useItem.minecraft.stone_axe":6,"stat.pickup.minecraft.porkchop":17,"stat.crouchOneCm":4785,"stat.craftItem.minecraft.torch":16,"stat.craftItem.minecraft.iron_ingot":9,"stat.craftItem.minecraft.chest":2,"stat.pickup.minecraft.dirt":6,"stat.useItem.minecraft.dirt":5,"stat.useItem.minecraft.stone_slab2":9,"stat.craftingTableInteraction":6,"stat.pickup.minecraft.iron_ore":9,"stat.craftItem.minecraft.furnace":3,"stat.entityKilledBy.techguns.SkeletonSoldier":1,"stat.craftItem.minecraft.stone_axe":1,"stat.damageTaken":347,"stat.craftItem.minecraft.stone_pickaxe":1,"stat.mineBlock.minecraft.torch":1,"stat.useItem.futuremc.smoker":1,"stat.pickup.minecraft.cobblestone":61,"stat.flyOneCm":1537666,"stat.pickup.minecraft.wheat_seeds":1,"stat.useItem.minecraft.stone_pickaxe":63,"stat.damageDealt":1158,"stat.mineBlock.minecraft.iron_ore":9,"stat.timeSinceDeath":12271,"stat.mineBlock.minecraft.dirt":6,"stat.useItem.minecraft.iron_pickaxe":40,"stat.killEntity.Pig":7,"stat.craftItem.minecraft.iron_sword":1,"stat.walkOneCm":86528,"stat.useItem.minecraft.torch":16,"stat.useItem.minecraft.chest":1,"stat.pickup.dynamictrees.birchseed":1,"stat.pickup.minecraft.stick":10,"stat.useItem.minecraft.cobblestone":4,"stat.craftItem.minecraft.crafting_table":1,"stat.furnaceInteraction":4,"stat.useItem.minecraft.cooked_porkchop":5,"stat.mineBlock.minecraft.coal_ore":33,"stat.talkedToVillager":10,"stat.useItem.dynamictrees.oakseed":2,"stat.pickup.minecraft.log":26,"stat.pickup.minecraft.iron_pickaxe":1,"stat.craftItem.minecraft.stone_slab2":0,"stat.pickup.minecraft.stone":3,"stat.drop.minecraft.emerald":1,"stat.sprintOneCm":39820,"stat.pickup.minecraft.apple":3,"stat.craftItem.minecraft.stick":12,"stat.craftItem.minecraft.planks":72,"stat.useItem.minecraft.iron_sword":17,"stat.pickup.minecraft.emerald":1,"stat.mobKills":10,"stat.pickup.dynamictrees.oakseed":7,"stat.deaths":1,"stat.drop":2,"stat.playOneMinute":37447,"stat.pickup.minecraft.torch":2,"stat.sneakTime":3258,"stat.craftItem.minecraft.iron_pickaxe":1,"stat.mineBlock.minecraft.stone":62,"stat.mineBlock.minecraft.tallgrass":3,"stat.diveOneCm":5897}