{"stat.useItem.minecraft.iron_axe":4,"stat.leaveGame":5,"stat.craftItem.minecraft.iron_axe":1,"stat.pickup.tombstone.familiar_stone":1,"stat.swimOneCm":2621,"stat.climbOneCm":931,"stat.craftItem.minecraft.shield":1,"stat.drop.dynamictrees.birchseed":1,"stat.pickup.minecraft.porkchop":23,"stat.useItem.harvestcraft.strawberryitem":3,"stat.useItem.minecraft.dirt":5,"stat.useItem.minecraft.stone_slab2":12,"stat.useItem.harvestcraft.barleyitem":2,"stat.pickup.minecraft.sand":17,"stat.craftItem.minecraft.furnace":4,"stat.craftItem.minecraft.stone_axe":1,"stat.craftItem.minecraft.stone_pickaxe":1,"stat.pickup.harvestcraft.wintersquashitem":1,"stat.pickup.minecraft.cobblestone":75,"stat.flyOneCm":1571380,"stat.mineBlock.minecraft.sand":17,"stat.mineBlock.minecraft.iron_ore":20,"stat.timeSinceDeath":13238,"stat.useItem.minecraft.iron_pickaxe":68,"stat.pickup.minecraft.mutton":9,"stat.craftItem.minecraft.bed":1,"stat.pickup.harvestcraft.onionitem":3,"stat.furnaceInteraction":15,"stat.useItem.minecraft.cooked_porkchop":8,"stat.pickup.harvestcraft.cornitem":1,"stat.mineBlock.minecraft.coal_ore":33,"stat.talkedToVillager":21,"stat.killEntity.mod_lavacow.mimic":1,"stat.craftItem.minecraft.stone_slab2":0,"stat.mineBlock.harvestcraft.windygarden":11,"stat.sprintOneCm":58026,"stat.craftItem.minecraft.stick":12,"stat.useItem.carryon.tile_item":1,"stat.pickup.harvestcraft.barleyitem":3,"stat.useItem.minecraft.wheat":2,"stat.pickup.minecraft.emerald":1,"stat.pickup.dynamictrees.oakseed":7,"stat.pickup.harvestcraft.mustardseedsitem":1,"stat.deaths":2,"stat.drop":2,"stat.pickup.harvestcraft.flaxitem":2,"stat.playOneMinute":53344,"stat.craftItem.minecraft.iron_pickaxe":1,"stat.mineBlock.minecraft.tallgrass":5,"stat.diveOneCm":9744,"stat.pickup.minecraft.wheat":2,"stat.chestOpened":12,"stat.craftItem.futuremc.smoker":2,"stat.useItem.minecraft.stone":1,"stat.craftItem.minecraft.cooked_porkchop":17,"stat.pickup.harvestcraft.chilipepperitem":2,"stat.jump":611,"stat.pickup.minecraft.coal":33,"stat.fallOneCm":13195,"stat.pickup.minecraft.carrot":6,"stat.useItem.minecraft.stone_axe":6,"stat.crouchOneCm":7780,"stat.useItem.harvestcraft.chilipepperitem":2,"stat.pickup.harvestcraft.peanutitem":2,"stat.craftItem.minecraft.torch":16,"stat.craftItem.minecraft.iron_ingot":20,"stat.craftItem.minecraft.chest":2,"stat.pickup.minecraft.dirt":6,"stat.pickup.harvestcraft.bellpepperitem":1,"stat.craftingTableInteraction":9,"stat.pickup.minecraft.iron_ore":20,"stat.entityKilledBy.techguns.SkeletonSoldier":1,"stat.damageTaken":652,"stat.mineBlock.minecraft.torch":1,"stat.useItem.futuremc.smoker":1,"stat.pickup.minecraft.wheat_seeds":2,"stat.pickup.minecraft.potato":1,"stat.useItem.minecraft.stone_pickaxe":63,"stat.damageDealt":1557,"stat.mineBlock.minecraft.dirt":6,"stat.killEntity.Pig":10,"stat.craftItem.minecraft.iron_sword":1,"stat.useItem.harvestcraft.onionitem":3,"stat.walkOneCm":115772,"stat.useItem.minecraft.torch":16,"stat.useItem.minecraft.chest":1,"stat.pickup.dynamictrees.birchseed":3,"stat.pickup.minecraft.stick":12,"stat.useItem.minecraft.cobblestone":8,"stat.craftItem.minecraft.crafting_table":1,"stat.useItem.dynamictrees.oakseed":2,"stat.pickup.minecraft.log":26,"stat.pickup.minecraft.iron_pickaxe":1,"stat.useItem.tombstone.gift":1,"stat.pickup.minecraft.stone":3,"stat.drop.minecraft.emerald":1,"stat.pickup.minecraft.apple":3,"stat.pickup.harvestcraft.amaranthitem":2,"stat.craftItem.minecraft.planks":72,"stat.useItem.minecraft.iron_sword":30,"stat.pickup.harvestcraft.cucumberitem":2,"stat.pickup.harvestcraft.strawberryitem":3,"stat.mobKills":14,"stat.pickup.minecraft.torch":2,"stat.sneakTime":4093,"stat.pickup.minecraft.wool":3,"stat.mineBlock.minecraft.stone":77,"stat.pickup.minecraft.chest":1}