{"stat.leaveGame":15,"stat.pickup.tombstone.familiar_stone":1,"stat.killEntity.PigZombie":1,"stat.craftItem.minecraft.shield":1,"stat.pickup.harvestcraft.calamarirawitem":3,"stat.pickup.minecraft.rotten_flesh":13,"stat.pickup.torchmaster.feral_flare_lantern":32,"stat.craftItem.minecraft.stone_axe":2,"stat.pickup.iceandfire.chared_cobblestone":726,"stat.entityKilledBy.techguns.ZombieSoldier":1,"stat.pickup.harvestcraft.radishitem":27,"stat.craftItem.minecraft.iron_shovel":1,"stat.pickup.harvestcraft.scallionitem":9,"stat.useItem.minecraft.iron_pickaxe":524,"stat.pickup.mod_lavacow.intestine":1,"stat.useItem.minecraft.iron_shovel":250,"stat.pickup.harvestcraft.rhubarbitem":31,"stat.pickup.minecraft.double_plant":1,"stat.craftItem.minecraft.bed":2,"stat.craftItem.minecraft.glass_pane":16,"stat.pickup.harvestcraft.onionitem":4,"stat.mineBlock.treasure2.ruby_ore":1,"stat.pickup.techguns.basicore":22,"stat.furnaceInteraction":125,"stat.pickup.harvestcraft.cherryitem":6,"stat.pickup.harvestcraft.cornitem":3,"stat.drop.minecraft.red_flower":2,"stat.pickup.iceandfire.manuscript":56,"stat.killEntity.mod_lavacow.mimic":1,"stat.pickup.minecraft.beef":62,"stat.mineBlock.torchmaster.feral_flare_lantern":2,"stat.craftItem.futuremc.dye":1,"stat.useItem.minecraft.fence":21,"stat.pickup.cgm.workbench":2,"stat.pickup.mca.rose_gold_ore":6,"stat.useItem.minecraft.flint_and_steel":1,"stat.useItem.minecraft.wheat_seeds":5,"stat.pickup.grimoireofgaia.box_gold":1,"stat.pickup.minecraft.emerald":47,"stat.pickup.dynamictrees.oakseed":110,"stat.useItem.minecraft.dye":14,"stat.deaths":8,"stat.pickup.minecraft.egg":7,"stat.craftItem.minecraft.iron_pickaxe":2,"stat.pickup.minecraft.glass_pane":14,"stat.mineBlock.minecraft.tallgrass":23,"stat.chestOpened":436,"stat.useItem.minecraft.stone":5,"stat.pickup.minecraft.iron_sword":7,"stat.pickup.minecraft.arrow":6,"stat.killEntity.grimoireofgaia.cyan_flower":2,"stat.craftItem.futuremc.netherite_scrap":4,"stat.pickup.minecraft.gold_nugget":821,"stat.pickup.harvestcraft.chilipepperitem":4,"stat.craftItem.minecraft.coal":54,"stat.pickup.iceandfire.silver_nugget":1,"stat.craftItem.treasure2.key_ring":1,"stat.pickup.minecraft.carrot":10,"stat.pickup.treasure2.silver_coin":4,"stat.useItem.tombstone.tablet_of_cupidity":1,"stat.crouchOneCm":73769,"stat.mineBlock.minecraft.chest":62,"stat.craftItem.minecraft.diamond":9,"stat.craftItem.minecraft.iron_ingot":164,"stat.pickup.treasure2.peasants_fortune":2,"stat.craftingTableInteraction":53,"stat.useItem.minecraft.reeds":3,"stat.pickup.minecraft.dye":46,"stat.pickup.minecraft.planks":50,"stat.craftItem.minecraft.diamond_shovel":1,"stat.pickup.minecraft.wheat_seeds":10,"stat.craftItem.futuremc.netherite_ingot":1,"stat.mineBlock.minecraft.dirt":276,"stat.craftItem.futuremc.smithing_table":1,"stat.useItem.minecraft.cobblestone":139,"stat.mineBlock.minecraft.double_plant":1,"stat.pickup.iceandfire.weezer_blue_album":2,"stat.useItem.dynamictrees.oakseed":6,"stat.useItem.torchmaster.feral_flare_lantern":30,"stat.useItem.harvestcraft.sweetpotatoitem":1,"stat.pickup.minecraft.iron_pickaxe":2,"stat.craftItem.minecraft.gold_ingot":77,"stat.pickup.minecraft.chicken":4,"stat.pickup.treasure2.ruby":1,"stat.pickup.minecraft.apple":31,"stat.craftItem.minecraft.bucket":1,"stat.craftItem.minecraft.planks":800,"stat.useItem.minecraft.iron_sword":222,"stat.pickup.minecraft.stone_sword":1,"stat.pickup.minecraft.book":23,"stat.mineBlock.minecraft.log":19,"stat.useItem.carryon.entity_item":5,"stat.drop.harvestcraft.flaxitem":1,"stat.pickup.minecraft.red_flower":9,"stat.pickup.minecraft.wool":11,"stat.craftItem.nocubessrparmory.pestilentarmorhelmet":1,"stat.useItem.minecraft.iron_axe":5,"stat.mineBlock.minecraft.cobblestone":22,"stat.pickup.minecraft.flint":27,"stat.mineBlock.iceandfire.chared_stone":676,"stat.pickup.minecraft.leather_chestplate":1,"stat.mineBlock.minecraft.concrete":6,"stat.craftItem.minecraft.wool":2,"stat.pickup.harvestcraft.market":2,"stat.useItem.minecraft.concrete_powder":6,"stat.pickup.minecraft.cooked_porkchop":11,"stat.killEntity.techguns.ZombieSoldier":2,"stat.useItem.minecraft.obsidian":18,"stat.useItem.harvestcraft.tomatoitem":1,"stat.useItem.minecraft.stone_slab2":115,"stat.pickup.minecraft.iron_boots":5,"stat.craftItem.minecraft.furnace":10,"stat.craftItem.minecraft.lapis_block":1,"stat.craftItem.minecraft.iron_boots":1,"stat.pickup.iceandfire.chain_link":106,"stat.craftItem.futuremc.smooth_stone":12,"stat.flyOneCm":2883001,"stat.useItem.iceandfire.chared_stone":377,"stat.pickup.minecraft.fish":6,"stat.pickup.treasure2.amethyst":2,"stat.craftItem.minecraft.emerald_block":3,"stat.timeSinceDeath":311430,"stat.pickup.futuremc.smoker":4,"stat.craftItem.minecraft.iron_block":6,"stat.killEntity.mod_lavacow.parasite":3,"stat.mineBlock.futuremc.stripped_spruce_log":5,"stat.pickup.harvestcraft.whitemushroomitem":27,"stat.pickup.harvestcraft.beanitem":21,"stat.mineBlock.minecraft.enchanting_table":1,"stat.craftItem.minecraft.concrete_powder":16,"stat.mineBlock.minecraft.coal_ore":139,"stat.pickup.minecraft.shield":1,"stat.talkedToVillager":29,"stat.pickup.minecraft.string":15,"stat.pickup.cgm.advanced_ammo":16,"stat.pickup.tombstone.crafting_ingredient":6,"stat.pickup.techguns.t1_scout_helmet":1,"stat.pickup.grimoireofgaia.food_root":2,"stat.killEntity.Squid":3,"stat.sprintOneCm":656352,"stat.useItem.minecraft.diamond_shovel":109,"stat.useItem.carryon.tile_item":1,"stat.mineBlock.minecraft.diamond_ore":50,"stat.pickup.nocubessrpnests.organicsample":2,"stat.pickup.overlast.dumpling":32,"stat.craftItem.minecraft.fish":3,"stat.pickup.minecraft.spawn_egg":2,"stat.pickup.harvestcraft.mustardseedsitem":6,"stat.pickup.harvestcraft.flaxitem":8,"stat.pickup.harvestcraft.apple_sapling":1,"stat.craftItem.minecraft.emerald":27,"stat.pickup.minecraft.iron_block":3,"stat.killEntity.Zombie":2,"stat.craftItem.minecraft.dye":11,"stat.craftItem.minecraft.diamond_axe":1,"stat.mineBlock.minecraft.gold_ore":24,"stat.diveOneCm":249666,"stat.pickup.minecraft.wheat":17,"stat.craftItem.minecraft.cooked_porkchop":34,"stat.craftItem.harvestcraft.market":1,"stat.pickup.minecraft.obsidian":26,"stat.craftItem.minecraft.diamond_sword":1,"stat.jump":5543,"stat.useItem.minecraft.sand":5,"stat.pickup.minecraft.coal":174,"stat.pickup.minecraft.iron_ingot":60,"stat.pickup.minecraft.gunpowder":3,"stat.pickup.iceandfire.chared_stone":629,"stat.craftItem.minecraft.torch":96,"stat.pickup.minecraft.dirt":268,"stat.pickup.minecraft.gold_ore":41,"stat.mineBlock.minecraft.lapis_ore":5,"stat.pickup.minecraft.iron_axe":1,"stat.damageTaken":3806,"stat.mineBlock.minecraft.torch":25,"stat.mineBlock.minecraft.red_flower":4,"stat.pickup.srparasites.assimilated_flesh":4,"stat.craftItem.cgm.workbench":1,"stat.pickup.minecraft.bed":4,"stat.pickup.minecraft.concrete":6,"stat.pickup.minecraft.potato":1,"stat.killEntity.grimoireofgaia.spriggan":1,"stat.pickup.harvestcraft.lettuceitem":3,"stat.killEntity.Silverfish":4,"stat.useItem.harvestcraft.onionitem":3,"stat.pickup.techguns.itemshared":8,"stat.useItem.futuremc.blast_furnace":3,"stat.animalsBred":5,"stat.useItem.minecraft.chest":60,"stat.pickup.futuremc.stripped_spruce_log":5,"stat.mineBlock.futuremc.smoker":4,"stat.mineBlock.harvestcraft.market":2,"stat.pickup.wolfarmor.gold_wolf_armor":2,"stat.useItem.tombstone.gift":1,"stat.pickup.harvestcraft.spiceleafitem":27,"stat.craftItem.minecraft.iron_chestplate":1,"stat.useItem.minecraft.netherrack":18,"stat.craftItem.travelersbackpack.sleeping_bag_bottom":1,"stat.pickup.grimoireofgaia.bag_book":1,"stat.craftItem.minecraft.bookshelf":4,"stat.pickup.harvestcraft.cucumberitem":4,"stat.pickup.harvestcraft.strawberryitem":7,"stat.useItem.hammerx.item.hammer":323,"stat.mineBlock.minecraft.glowstone":11,"stat.mobKills":106,"stat.mineBlock.minecraft.bookshelf":1,"stat.pickup.minecraft.diamond":50,"stat.pickup.minecraft.torch":39,"stat.craftItem.minecraft.spruce_stairs":12,"stat.pickup.futuremc.ancient_debris":4,"stat.useItem.harvestcraft.rhubarbitem":1,"stat.useItem.minecraft.bookshelf":2,"stat.craftItem.minecraft.iron_axe":1,"stat.pickup.mod_lavacow.cursed_fabric":2,"stat.useItem.minecraft.planks":535,"stat.drop.dynamictrees.birchseed":1,"stat.pickup.minecraft.glowstone_dust":33,"stat.pickup.minecraft.porkchop":64,"stat.pickup.minecraft.glass":6,"stat.useItem.minecraft.water_bucket":6,"stat.pickup.minecraft.sand":37,"stat.craftItem.minecraft.golden_apple":1,"stat.craftItem.nocubessrparmory.twistedarmorboots":1,"stat.mineBlock.nocubessrpnests.nestegg":2,"stat.pickup.harvestcraft.sweetpotatoitem":21,"stat.pickup.harvestcraft.wintersquashitem":6,"stat.pickup.minecraft.wooden_hoe":1,"stat.mineBlock.minecraft.sand":37,"stat.pickup.iceandfire.ash":24,"stat.killEntity.techguns.ZombieFarmer":4,"stat.useItem.minecraft.oak_stairs":12,"stat.useItem.harvestcraft.leekitem":1,"stat.pickup.srparasites.lurecomponent1":6,"stat.craftItem.hammerx.item.hammer":2,"stat.pickup.harvestcraft.turnipitem":7,"stat.pickup.minecraft.furnace":6,"stat.mineBlock.harvestcraft.windygarden":33,"stat.mineBlock.cgm.workbench":2,"stat.craftItem.paraglider.paraglider":1,"stat.craftItem.travelersbackpack.travelers_backpack":1,"stat.pickup.minecraft.iron_chestplate":9,"stat.pickup.minecraft.skull":5,"stat.pickup.tombstone.magic_scroll":1,"stat.useItem.harvestcraft.blackberryitem":1,"stat.mineBlock.iceandfire.ash":2,"stat.craftItem.minecraft.fence_gate":1,"stat.pickup.minecraft.pumpkin_seeds":2,"stat.pickup.minecraft.saddle":2,"stat.mineBlock.minecraft.oak_stairs":2,"stat.playOneMinute":434787,"stat.craftItem.minecraft.diamond_block":4,"stat.useItem.overlast.dumpling":32,"stat.pickup.minecraft.netherrack":73,"stat.craftItem.futuremc.smoker":2,"stat.pickup.harvestcraft.tomatoitem":11,"stat.mineBlock.minecraft.netherrack":79,"stat.mineBlock.minecraft.ice":3,"stat.drop.harvestcraft.tomatoitem":4,"stat.craftItem.minecraft.iron_nugget":18,"stat.craftItem.minecraft.iron_hoe":1,"stat.fallOneCm":108225,"stat.pickup.minecraft.melon_seeds":16,"stat.useItem.harvestcraft.chilipepperitem":2,"stat.entityKilledBy.techguns.Bandit":1,"stat.craftItem.minecraft.chest":16,"stat.pickup.minecraft.red_mushroom":4,"stat.useItem.minecraft.iron_hoe":50,"stat.killEntity.techguns.ZombieMiner":2,"stat.useItem.futuremc.smoker":3,"stat.useItem.minecraft.furnace":17,"stat.pickup.minecraft.iron_leggings":8,"stat.mineBlock.minecraft.gravel":141,"stat.useItem.minecraft.stone_pickaxe":63,"stat.craftItem.minecraft.iron_leggings":1,"stat.craftItem.minecraft.oak_stairs":20,"stat.mineBlock.minecraft.monster_egg":1,"stat.pickup.minecraft.flint_and_steel":1,"stat.useItem.minecraft.torch":117,"stat.pickup.minecraft.iron_nugget":13,"stat.useItem.harvestcraft.spiceleafitem":2,"stat.pickup.minecraft.crafting_table":3,"stat.useItem.minecraft.log":4,"stat.mineBlock.techguns.basicore":23,"stat.craftItem.minecraft.crafting_table":4,"stat.mineBlock.minecraft.emerald_ore":36,"stat.pickup.minecraft.log":284,"stat.pickup.minecraft.web":46,"stat.pickup.minecraft.sapling":1,"stat.pickup.harvestcraft.parsnipitem":5,"stat.mineBlock.iceandfire.goldpile":160,"stat.mineBlock.futuremc.ancient_debris":4,"stat.pickup.harvestcraft.juteitem":28,"stat.sneakTime":23633,"stat.pickup.harvestcraft.tealeafitem":22,"stat.pickup.minecraft.yellow_flower":1,"stat.pickup.minecraft.chest":63,"stat.craftItem.minecraft.enchanting_table":1,"stat.pickup.minecraft.bone":57,"stat.useItem.harvestcraft.garlicitem":2,"stat.useItem.harvestcraft.tealeafitem":1,"stat.swimOneCm":56844,"stat.climbOneCm":6917,"stat.pickup.harvestcraft.artichokeitem":3,"stat.mineBlock.minecraft.spruce_stairs":2,"stat.craftItem.minecraft.gold_block":9,"stat.useItem.harvestcraft.strawberryitem":3,"stat.useItem.minecraft.dirt":256,"stat.useItem.harvestcraft.barleyitem":2,"stat.pickup.minecraft.enchanting_table":1,"stat.useItem.futuremc.netherite_sword":39,"stat.craftItem.minecraft.stone_pickaxe":1,"stat.pickup.minecraft.cobblestone":1908,"stat.craftItem.nocubessrparmory.twistedarmorbody":1,"stat.useItem.harvestcraft.juteitem":1,"stat.pickup.minecraft.glass_bottle":1,"stat.mineBlock.treasure2.gravestone1_polished_granite":1,"stat.useItem.harvestcraft.whitemushroomitem":1,"stat.pickup.minecraft.golden_pickaxe":1,"stat.pickup.harvestcraft.leekitem":32,"stat.pickup.minecraft.redstone":10,"stat.mineBlock.minecraft.iron_ore":141,"stat.craftItem.minecraft.book":6,"stat.pickup.minecraft.mutton":30,"stat.killEntity.techguns.SkeletonSoldier":4,"stat.useItem.iceandfire.ash":12,"stat.useItem.minecraft.cooked_porkchop":8,"stat.pickup.techguns.t1_combat_helmet":5,"stat.entityKilledBy.techguns.PsychoSteve":1,"stat.craftItem.minecraft.stone_slab2":0,"stat.useItem.grimoireofgaia.food_root":2,"stat.pickup.minecraft.paper":30,"stat.craftItem.minecraft.stick":52,"stat.pickup.treasure2.charm_book":2,"stat.craftItem.minecraft.stone":49,"stat.pickup.harvestcraft.barleyitem":7,"stat.mineBlock.minecraft.crafting_table":3,"stat.useItem.minecraft.diamond_pickaxe":1167,"stat.useItem.minecraft.wheat":2,"stat.pickup.treasure2.gravestone1_polished_granite":1,"stat.mineBlock.minecraft.planks":13,"stat.drop":7,"stat.killEntity.Sheep":6,"stat.useItem.iceandfire.chared_cobblestone":161,"stat.pickup.minecraft.slime_ball":4,"stat.craftItem.minecraft.diamond_pickaxe":1,"stat.pickup.harvestcraft.garlicitem":43,"stat.pickup.cgm.scope":1,"stat.pickup.minecraft.gravel":126,"stat.useItem.minecraft.diamond_axe":73,"stat.killEntity.pig":4,"stat.useItem.minecraft.potion":1,"stat.pickup.harvestcraft.blackberryitem":29,"stat.craftItem.travelersbackpack.backpack_tank":2,"stat.pickup.minecraft.fence":47,"stat.useItem.minecraft.stone_axe":80,"stat.pickup.harvestcraft.peanutitem":6,"stat.mineBlock.harvestcraft.shadedgarden":70,"stat.pickup.minecraft.spider_eye":1,"stat.craftItem.minecraft.iron_helmet":1,"stat.craftItem.nocubessrparmory.twistedpart":10,"stat.pickup.harvestcraft.bellpepperitem":5,"stat.pickup.minecraft.iron_ore":181,"stat.mineBlock.mca.rose_gold_ore":3,"stat.entityKilledBy.techguns.SkeletonSoldier":1,"stat.craftItem.minecraft.flint_and_steel":1,"stat.pickup.minecraft.leather":23,"stat.mineBlock.minecraft.furnace":6,"stat.mineBlock.iceandfire.chared_cobblestone":624,"stat.pickup.mod_lavacow.chitin":4,"stat.pickup.minecraft.reeds":7,"stat.killEntity.CaveSpider":1,"tombstone:undead_killed":19,"stat.pickup.minecraft.oak_stairs":2,"stat.damageDealt":12072,"stat.craftItem.minecraft.glass":23,"stat.sleepInBed":11,"stat.killEntity.Cow":15,"stat.killEntity.Pig":19,"stat.craftItem.minecraft.iron_sword":1,"stat.pickup.harvestcraft.elderberryitem":1,"stat.pickup.grimoireofgaia.food_meat":1,"stat.walkOneCm":1261809,"stat.pickup.dynamictrees.birchseed":3,"stat.pickup.minecraft.stick":125,"stat.pickup.cgm.rifle":1,"stat.mineBlock.treasure2.amethyst_ore":1,"stat.pickup.minecraft.stone":379,"stat.useItem.minecraft.spruce_stairs":13,"stat.drop.minecraft.emerald":1,"stat.pickup.harvestcraft.zucchiniitem":13,"stat.pickup.minecraft.gold_ingot":16,"stat.killEntity.Skeleton":3,"stat.pickup.harvestcraft.amaranthitem":3,"stat.drop.iceandfire.ash":11,"stat.pickup.minecraft.bread":2,"stat.drop.harvestcraft.sweetpotatoitem":1,"stat.craftItem.minecraft.fence":66,"stat.useItem.minecraft.golden_apple":3,"stat.killEntity.mod_lavacow.banshee":1,"stat.mineBlock.minecraft.leaves":1,"stat.pickup.minecraft.spruce_stairs":2,"stat.mineBlock.minecraft.redstone_ore":3,"stat.craftItem.minecraft.coal_block":2,"stat.mineBlock.minecraft.stone":2056}