{"stat.pickup.minecraft.bone":2,"stat.useItem.harvestcraft.rhubarbitem":1,"stat.useItem.harvestcraft.garlicitem":2,"stat.useItem.minecraft.iron_axe":5,"stat.leaveGame":7,"stat.mineBlock.minecraft.cobblestone":2,"stat.craftItem.minecraft.iron_axe":1,"stat.useItem.harvestcraft.tealeafitem":1,"stat.pickup.tombstone.familiar_stone":1,"stat.swimOneCm":12387,"stat.climbOneCm":2876,"stat.craftItem.minecraft.shield":1,"stat.pickup.harvestcraft.artichokeitem":2,"stat.drop.dynamictrees.birchseed":1,"stat.pickup.minecraft.porkchop":40,"stat.useItem.harvestcraft.strawberryitem":3,"stat.useItem.minecraft.dirt":5,"stat.useItem.harvestcraft.tomatoitem":1,"stat.useItem.minecraft.stone_slab2":18,"stat.useItem.harvestcraft.barleyitem":2,"stat.useItem.minecraft.water_bucket":1,"stat.pickup.minecraft.sand":17,"stat.craftItem.minecraft.furnace":4,"stat.craftItem.minecraft.stone_axe":1,"stat.mineBlock.nocubessrpnests.nestegg":2,"stat.craftItem.minecraft.iron_boots":1,"stat.pickup.harvestcraft.sweetpotatoitem":2,"stat.craftItem.minecraft.stone_pickaxe":1,"stat.pickup.harvestcraft.wintersquashitem":5,"stat.pickup.minecraft.cobblestone":367,"stat.useItem.harvestcraft.juteitem":1,"stat.flyOneCm":2079421,"stat.pickup.harvestcraft.radishitem":1,"stat.mineBlock.minecraft.sand":17,"stat.mineBlock.treasure2.gravestone1_polished_granite":1,"stat.useItem.harvestcraft.whitemushroomitem":1,"stat.pickup.harvestcraft.scallionitem":1,"stat.killEntity.techguns.ZombieFarmer":2,"stat.pickup.harvestcraft.leekitem":1,"stat.mineBlock.minecraft.iron_ore":63,"stat.timeSinceDeath":46606,"stat.useItem.minecraft.iron_pickaxe":198,"stat.pickup.minecraft.mutton":9,"stat.pickup.harvestcraft.rhubarbitem":2,"stat.pickup.futuremc.smoker":2,"stat.killEntity.techguns.SkeletonSoldier":1,"stat.craftItem.minecraft.bed":1,"stat.pickup.harvestcraft.whitemushroomitem":1,"stat.pickup.harvestcraft.beanitem":2,"stat.pickup.harvestcraft.onionitem":4,"stat.pickup.techguns.basicore":5,"stat.furnaceInteraction":41,"stat.useItem.minecraft.cooked_porkchop":8,"stat.pickup.harvestcraft.cornitem":3,"stat.mineBlock.minecraft.coal_ore":75,"stat.useItem.harvestcraft.leekitem":1,"stat.pickup.srparasites.lurecomponent1":1,"stat.pickup.minecraft.shield":1,"stat.talkedToVillager":29,"stat.craftItem.hammerx.item.hammer":1,"stat.killEntity.mod_lavacow.mimic":1,"stat.pickup.tombstone.crafting_ingredient":1,"stat.pickup.techguns.t1_scout_helmet":1,"stat.craftItem.minecraft.stone_slab2":0,"stat.mineBlock.harvestcraft.windygarden":26,"stat.sprintOneCm":121826,"stat.craftItem.minecraft.stick":20,"stat.useItem.harvestcraft.blackberryitem":1,"stat.useItem.carryon.tile_item":1,"stat.pickup.harvestcraft.barleyitem":5,"stat.pickup.nocubessrpnests.organicsample":2,"stat.pickup.minecraft.pumpkin_seeds":2,"stat.useItem.minecraft.wheat":2,"stat.pickup.minecraft.emerald":1,"stat.pickup.dynamictrees.oakseed":7,"stat.pickup.treasure2.gravestone1_polished_granite":1,"stat.pickup.harvestcraft.mustardseedsitem":4,"stat.deaths":4,"stat.drop":3,"stat.pickup.harvestcraft.flaxitem":7,"stat.playOneMinute":104896,"stat.craftItem.minecraft.iron_pickaxe":1,"stat.pickup.minecraft.iron_block":3,"stat.mineBlock.minecraft.tallgrass":15,"stat.diveOneCm":55181,"stat.pickup.minecraft.wheat":6,"stat.pickup.harvestcraft.garlicitem":3,"stat.chestOpened":38,"stat.craftItem.futuremc.smoker":2,"stat.pickup.harvestcraft.tomatoitem":1,"stat.useItem.minecraft.stone":3,"stat.pickup.minecraft.iron_sword":1,"stat.pickup.minecraft.arrow":2,"stat.craftItem.minecraft.cooked_porkchop":17,"stat.killEntity.pig":4,"stat.pickup.harvestcraft.chilipepperitem":3,"stat.pickup.harvestcraft.blackberryitem":4,"stat.craftItem.treasure2.key_ring":1,"stat.jump":1203,"stat.pickup.minecraft.coal":77,"stat.fallOneCm":23806,"stat.pickup.minecraft.carrot":8,"stat.useItem.minecraft.stone_axe":6,"stat.pickup.minecraft.gunpowder":2,"stat.crouchOneCm":14213,"stat.useItem.harvestcraft.chilipepperitem":2,"stat.pickup.harvestcraft.peanutitem":5,"stat.mineBlock.harvestcraft.shadedgarden":9,"stat.craftItem.minecraft.torch":40,"stat.craftItem.minecraft.iron_ingot":74,"stat.craftItem.minecraft.chest":2,"stat.pickup.minecraft.dirt":26,"stat.craftItem.minecraft.iron_helmet":1,"stat.pickup.harvestcraft.bellpepperitem":2,"stat.craftingTableInteraction":16,"stat.pickup.minecraft.iron_ore":62,"stat.entityKilledBy.techguns.SkeletonSoldier":1,"stat.pickup.minecraft.iron_axe":1,"stat.damageTaken":1482,"stat.pickup.minecraft.leather":3,"stat.mineBlock.minecraft.torch":6,"stat.mineBlock.minecraft.red_flower":3,"stat.useItem.futuremc.smoker":1,"stat.pickup.minecraft.planks":37,"tombstone:undead_killed":5,"stat.pickup.minecraft.wheat_seeds":2,"stat.pickup.minecraft.potato":1,"stat.useItem.minecraft.stone_pickaxe":63,"stat.craftItem.minecraft.iron_leggings":1,"stat.damageDealt":4137,"stat.sleepInBed":1,"stat.pickup.harvestcraft.lettuceitem":3,"stat.mineBlock.minecraft.dirt":29,"stat.killEntity.Pig":15,"stat.craftItem.minecraft.iron_sword":1,"stat.useItem.harvestcraft.onionitem":3,"stat.walkOneCm":201490,"stat.useItem.minecraft.torch":34,"stat.useItem.minecraft.chest":1,"stat.pickup.dynamictrees.birchseed":3,"stat.pickup.minecraft.stick":23,"stat.useItem.harvestcraft.spiceleafitem":2,"stat.useItem.minecraft.cobblestone":32,"stat.mineBlock.techguns.basicore":5,"stat.craftItem.minecraft.crafting_table":1,"stat.useItem.dynamictrees.oakseed":2,"stat.pickup.minecraft.log":26,"stat.useItem.harvestcraft.sweetpotatoitem":1,"stat.mineBlock.futuremc.smoker":2,"stat.pickup.minecraft.iron_pickaxe":2,"stat.useItem.tombstone.gift":1,"stat.pickup.harvestcraft.spiceleafitem":2,"stat.pickup.minecraft.stone":32,"stat.craftItem.minecraft.iron_chestplate":1,"stat.drop.minecraft.emerald":1,"stat.pickup.harvestcraft.zucchiniitem":1,"stat.pickup.minecraft.apple":10,"stat.killEntity.Skeleton":2,"stat.pickup.harvestcraft.parsnipitem":3,"stat.pickup.harvestcraft.amaranthitem":2,"stat.craftItem.minecraft.bucket":1,"stat.craftItem.minecraft.planks":72,"stat.useItem.minecraft.iron_sword":84,"stat.pickup.harvestcraft.cucumberitem":3,"stat.pickup.harvestcraft.strawberryitem":5,"stat.pickup.minecraft.stone_sword":1,"stat.useItem.hammerx.item.hammer":35,"stat.mobKills":33,"stat.mineBlock.minecraft.log":1,"stat.drop.harvestcraft.flaxitem":1,"stat.pickup.harvestcraft.juteitem":3,"stat.pickup.minecraft.torch":10,"stat.pickup.minecraft.red_flower":3,"stat.sneakTime":6814,"stat.pickup.harvestcraft.tealeafitem":3,"stat.pickup.minecraft.wool":3,"stat.pickup.minecraft.yellow_flower":1,"stat.mineBlock.minecraft.stone":358,"stat.pickup.minecraft.chest":1}