{"stat.pickup.minecraft.bone":1,"stat.useItem.harvestcraft.rhubarbitem":1,"stat.useItem.harvestcraft.garlicitem":2,"stat.useItem.minecraft.iron_axe":5,"stat.leaveGame":7,"stat.mineBlock.minecraft.cobblestone":2,"stat.craftItem.minecraft.iron_axe":1,"stat.useItem.harvestcraft.tealeafitem":1,"stat.pickup.tombstone.familiar_stone":1,"stat.swimOneCm":3222,"stat.climbOneCm":2044,"stat.craftItem.minecraft.shield":1,"stat.pickup.harvestcraft.artichokeitem":2,"stat.drop.dynamictrees.birchseed":1,"stat.pickup.minecraft.porkchop":23,"stat.useItem.harvestcraft.strawberryitem":3,"stat.useItem.minecraft.dirt":5,"stat.useItem.harvestcraft.tomatoitem":1,"stat.useItem.minecraft.stone_slab2":12,"stat.useItem.harvestcraft.barleyitem":2,"stat.pickup.minecraft.sand":17,"stat.craftItem.minecraft.furnace":4,"stat.craftItem.minecraft.stone_axe":1,"stat.mineBlock.nocubessrpnests.nestegg":2,"stat.craftItem.minecraft.iron_boots":1,"stat.pickup.harvestcraft.sweetpotatoitem":1,"stat.craftItem.minecraft.stone_pickaxe":1,"stat.pickup.harvestcraft.wintersquashitem":5,"stat.pickup.minecraft.cobblestone":348,"stat.useItem.harvestcraft.juteitem":1,"stat.flyOneCm":2052975,"stat.mineBlock.minecraft.sand":17,"stat.useItem.harvestcraft.whitemushroomitem":1,"stat.pickup.harvestcraft.leekitem":1,"stat.mineBlock.minecraft.iron_ore":63,"stat.timeSinceDeath":34606,"stat.useItem.minecraft.iron_pickaxe":166,"stat.pickup.minecraft.mutton":9,"stat.pickup.harvestcraft.rhubarbitem":1,"stat.pickup.futuremc.smoker":2,"stat.craftItem.minecraft.bed":1,"stat.pickup.harvestcraft.whitemushroomitem":1,"stat.pickup.harvestcraft.onionitem":4,"stat.pickup.techguns.basicore":4,"stat.furnaceInteraction":41,"stat.useItem.minecraft.cooked_porkchop":8,"stat.pickup.harvestcraft.cornitem":3,"stat.mineBlock.minecraft.coal_ore":75,"stat.useItem.harvestcraft.leekitem":1,"stat.pickup.srparasites.lurecomponent1":1,"stat.pickup.minecraft.shield":1,"stat.talkedToVillager":29,"stat.craftItem.hammerx.item.hammer":1,"stat.killEntity.mod_lavacow.mimic":1,"stat.pickup.tombstone.crafting_ingredient":1,"stat.craftItem.minecraft.stone_slab2":0,"stat.mineBlock.harvestcraft.windygarden":26,"stat.sprintOneCm":90647,"stat.craftItem.minecraft.stick":16,"stat.useItem.harvestcraft.blackberryitem":1,"stat.useItem.carryon.tile_item":1,"stat.pickup.harvestcraft.barleyitem":5,"stat.pickup.nocubessrpnests.organicsample":2,"stat.pickup.minecraft.pumpkin_seeds":2,"stat.useItem.minecraft.wheat":2,"stat.pickup.minecraft.emerald":1,"stat.pickup.dynamictrees.oakseed":7,"stat.pickup.harvestcraft.mustardseedsitem":4,"stat.deaths":4,"stat.drop":3,"stat.pickup.harvestcraft.flaxitem":7,"stat.playOneMinute":92896,"stat.craftItem.minecraft.iron_pickaxe":1,"stat.pickup.minecraft.iron_block":3,"stat.mineBlock.minecraft.tallgrass":15,"stat.diveOneCm":10531,"stat.pickup.minecraft.wheat":4,"stat.pickup.harvestcraft.garlicitem":2,"stat.chestOpened":36,"stat.craftItem.futuremc.smoker":2,"stat.pickup.harvestcraft.tomatoitem":1,"stat.useItem.minecraft.stone":1,"stat.pickup.minecraft.iron_sword":1,"stat.pickup.minecraft.arrow":2,"stat.craftItem.minecraft.cooked_porkchop":17,"stat.pickup.harvestcraft.chilipepperitem":3,"stat.pickup.harvestcraft.blackberryitem":1,"stat.craftItem.treasure2.key_ring":1,"stat.jump":1040,"stat.pickup.minecraft.coal":77,"stat.fallOneCm":22281,"stat.pickup.minecraft.carrot":8,"stat.useItem.minecraft.stone_axe":6,"stat.crouchOneCm":13625,"stat.useItem.harvestcraft.chilipepperitem":2,"stat.pickup.harvestcraft.peanutitem":5,"stat.mineBlock.harvestcraft.shadedgarden":4,"stat.craftItem.minecraft.torch":24,"stat.craftItem.minecraft.iron_ingot":74,"stat.craftItem.minecraft.chest":2,"stat.pickup.minecraft.dirt":18,"stat.craftItem.minecraft.iron_helmet":1,"stat.pickup.harvestcraft.bellpepperitem":2,"stat.craftingTableInteraction":16,"stat.pickup.minecraft.iron_ore":62,"stat.entityKilledBy.techguns.SkeletonSoldier":1,"stat.pickup.minecraft.iron_axe":1,"stat.damageTaken":1289,"stat.mineBlock.minecraft.torch":2,"stat.useItem.futuremc.smoker":1,"stat.pickup.minecraft.planks":37,"tombstone:undead_killed":1,"stat.pickup.minecraft.wheat_seeds":2,"stat.pickup.minecraft.potato":1,"stat.useItem.minecraft.stone_pickaxe":63,"stat.craftItem.minecraft.iron_leggings":1,"stat.damageDealt":2437,"stat.sleepInBed":1,"stat.pickup.harvestcraft.lettuceitem":3,"stat.mineBlock.minecraft.dirt":18,"stat.killEntity.Pig":10,"stat.craftItem.minecraft.iron_sword":1,"stat.useItem.harvestcraft.onionitem":3,"stat.walkOneCm":176628,"stat.useItem.minecraft.torch":18,"stat.useItem.minecraft.chest":1,"stat.pickup.dynamictrees.birchseed":3,"stat.pickup.minecraft.stick":23,"stat.useItem.harvestcraft.spiceleafitem":2,"stat.useItem.minecraft.cobblestone":25,"stat.mineBlock.techguns.basicore":4,"stat.craftItem.minecraft.crafting_table":1,"stat.useItem.dynamictrees.oakseed":2,"stat.pickup.minecraft.log":26,"stat.useItem.harvestcraft.sweetpotatoitem":1,"stat.mineBlock.futuremc.smoker":2,"stat.pickup.minecraft.iron_pickaxe":2,"stat.useItem.tombstone.gift":1,"stat.pickup.harvestcraft.spiceleafitem":2,"stat.pickup.minecraft.stone":27,"stat.craftItem.minecraft.iron_chestplate":1,"stat.drop.minecraft.emerald":1,"stat.pickup.minecraft.apple":9,"stat.killEntity.Skeleton":1,"stat.pickup.harvestcraft.parsnipitem":3,"stat.pickup.harvestcraft.amaranthitem":2,"stat.craftItem.minecraft.bucket":1,"stat.craftItem.minecraft.planks":72,"stat.useItem.minecraft.iron_sword":51,"stat.pickup.harvestcraft.cucumberitem":3,"stat.pickup.harvestcraft.strawberryitem":5,"stat.pickup.minecraft.stone_sword":1,"stat.useItem.hammerx.item.hammer":35,"stat.mobKills":20,"stat.mineBlock.minecraft.log":1,"stat.drop.harvestcraft.flaxitem":1,"stat.pickup.harvestcraft.juteitem":1,"stat.pickup.minecraft.torch":6,"stat.sneakTime":6491,"stat.pickup.harvestcraft.tealeafitem":1,"stat.pickup.minecraft.wool":3,"stat.mineBlock.minecraft.stone":334,"stat.pickup.minecraft.chest":1}