{"stat.useItem.harvestcraft.rhubarbitem":1,"stat.leaveGame":9,"stat.craftItem.minecraft.iron_axe":1,"stat.pickup.tombstone.familiar_stone":1,"stat.craftItem.minecraft.shield":1,"stat.drop.dynamictrees.birchseed":1,"stat.pickup.minecraft.porkchop":50,"stat.pickup.harvestcraft.calamarirawitem":3,"stat.useItem.minecraft.water_bucket":4,"stat.pickup.minecraft.rotten_flesh":1,"stat.pickup.minecraft.sand":37,"stat.pickup.torchmaster.feral_flare_lantern":31,"stat.craftItem.minecraft.stone_axe":2,"stat.mineBlock.nocubessrpnests.nestegg":2,"stat.pickup.harvestcraft.sweetpotatoitem":11,"stat.pickup.iceandfire.chared_cobblestone":77,"stat.pickup.harvestcraft.wintersquashitem":5,"stat.entityKilledBy.techguns.ZombieSoldier":1,"stat.pickup.harvestcraft.radishitem":12,"stat.craftItem.minecraft.iron_shovel":1,"stat.mineBlock.minecraft.sand":37,"stat.pickup.harvestcraft.scallionitem":6,"stat.killEntity.techguns.ZombieFarmer":2,"stat.useItem.minecraft.iron_pickaxe":524,"stat.useItem.minecraft.iron_shovel":250,"stat.pickup.harvestcraft.rhubarbitem":13,"stat.craftItem.minecraft.bed":2,"stat.craftItem.minecraft.glass_pane":16,"stat.pickup.harvestcraft.onionitem":4,"stat.pickup.techguns.basicore":17,"stat.furnaceInteraction":89,"stat.pickup.harvestcraft.cornitem":3,"stat.useItem.harvestcraft.leekitem":1,"stat.pickup.srparasites.lurecomponent1":5,"stat.craftItem.hammerx.item.hammer":1,"stat.pickup.iceandfire.manuscript":24,"stat.pickup.harvestcraft.turnipitem":7,"stat.killEntity.mod_lavacow.mimic":1,"stat.pickup.minecraft.beef":15,"stat.mineBlock.torchmaster.feral_flare_lantern":1,"stat.mineBlock.harvestcraft.windygarden":29,"stat.craftItem.paraglider.paraglider":1,"stat.craftItem.travelersbackpack.travelers_backpack":1,"stat.craftItem.futuremc.dye":1,"stat.pickup.minecraft.iron_chestplate":3,"stat.pickup.minecraft.skull":2,"stat.useItem.harvestcraft.blackberryitem":1,"stat.pickup.mca.rose_gold_ore":3,"stat.pickup.minecraft.pumpkin_seeds":2,"stat.pickup.minecraft.emerald":33,"stat.pickup.dynamictrees.oakseed":27,"stat.deaths":8,"stat.pickup.minecraft.egg":1,"stat.playOneMinute":240524,"stat.craftItem.minecraft.iron_pickaxe":2,"stat.craftItem.minecraft.diamond_block":3,"stat.useItem.overlast.dumpling":26,"stat.mineBlock.minecraft.tallgrass":17,"stat.chestOpened":182,"stat.craftItem.futuremc.smoker":2,"stat.pickup.harvestcraft.tomatoitem":10,"stat.useItem.minecraft.stone":3,"stat.pickup.minecraft.iron_sword":4,"stat.pickup.minecraft.arrow":2,"stat.mineBlock.minecraft.ice":3,"stat.killEntity.grimoireofgaia.cyan_flower":1,"stat.drop.harvestcraft.tomatoitem":4,"stat.pickup.minecraft.gold_nugget":703,"stat.pickup.harvestcraft.chilipepperitem":3,"stat.craftItem.treasure2.key_ring":1,"stat.craftItem.minecraft.iron_nugget":18,"stat.fallOneCm":63322,"stat.pickup.minecraft.carrot":10,"stat.useItem.tombstone.tablet_of_cupidity":1,"stat.crouchOneCm":25297,"stat.useItem.harvestcraft.chilipepperitem":2,"stat.mineBlock.minecraft.chest":39,"stat.craftItem.minecraft.diamond":9,"stat.entityKilledBy.techguns.Bandit":1,"stat.craftItem.minecraft.iron_ingot":92,"stat.craftItem.minecraft.chest":8,"stat.pickup.minecraft.red_mushroom":2,"stat.craftingTableInteraction":35,"stat.killEntity.techguns.ZombieMiner":1,"stat.useItem.futuremc.smoker":2,"stat.useItem.minecraft.furnace":5,"stat.pickup.minecraft.dye":19,"stat.pickup.minecraft.planks":37,"stat.pickup.minecraft.iron_leggings":3,"stat.pickup.minecraft.wheat_seeds":2,"stat.mineBlock.minecraft.gravel":127,"stat.useItem.minecraft.stone_pickaxe":63,"stat.craftItem.minecraft.iron_leggings":1,"stat.mineBlock.minecraft.dirt":162,"stat.useItem.minecraft.torch":110,"stat.useItem.harvestcraft.spiceleafitem":2,"stat.useItem.minecraft.cobblestone":126,"stat.mineBlock.techguns.basicore":18,"stat.craftItem.minecraft.crafting_table":2,"stat.useItem.dynamictrees.oakseed":2,"stat.mineBlock.minecraft.emerald_ore":21,"stat.pickup.minecraft.log":74,"stat.useItem.torchmaster.feral_flare_lantern":20,"stat.useItem.harvestcraft.sweetpotatoitem":1,"stat.pickup.minecraft.iron_pickaxe":2,"stat.craftItem.minecraft.gold_ingot":18,"stat.pickup.minecraft.web":21,"stat.pickup.minecraft.apple":14,"stat.pickup.harvestcraft.parsnipitem":4,"stat.craftItem.minecraft.bucket":1,"stat.mineBlock.iceandfire.goldpile":138,"stat.craftItem.minecraft.planks":180,"stat.useItem.minecraft.iron_sword":148,"stat.pickup.minecraft.stone_sword":1,"stat.pickup.minecraft.book":9,"stat.mineBlock.minecraft.log":13,"stat.useItem.carryon.entity_item":2,"stat.drop.harvestcraft.flaxitem":1,"stat.pickup.harvestcraft.juteitem":12,"stat.pickup.minecraft.red_flower":5,"stat.sneakTime":11447,"stat.pickup.harvestcraft.tealeafitem":16,"stat.pickup.minecraft.wool":7,"stat.pickup.minecraft.yellow_flower":1,"stat.pickup.minecraft.chest":40,"stat.pickup.minecraft.bone":51,"stat.useItem.harvestcraft.garlicitem":2,"stat.useItem.minecraft.iron_axe":5,"stat.mineBlock.minecraft.cobblestone":17,"stat.pickup.minecraft.flint":12,"stat.mineBlock.iceandfire.chared_stone":60,"stat.useItem.harvestcraft.tealeafitem":1,"stat.mineBlock.minecraft.concrete":6,"stat.craftItem.minecraft.wool":2,"stat.swimOneCm":42876,"stat.useItem.minecraft.concrete_powder":6,"stat.climbOneCm":4286,"stat.pickup.harvestcraft.artichokeitem":3,"stat.craftItem.minecraft.gold_block":9,"stat.killEntity.techguns.ZombieSoldier":1,"stat.useItem.harvestcraft.strawberryitem":3,"stat.useItem.minecraft.dirt":6,"stat.useItem.harvestcraft.tomatoitem":1,"stat.useItem.minecraft.stone_slab2":34,"stat.useItem.harvestcraft.barleyitem":2,"stat.pickup.minecraft.iron_boots":2,"stat.craftItem.minecraft.furnace":10,"stat.craftItem.minecraft.lapis_block":1,"stat.craftItem.minecraft.iron_boots":1,"stat.pickup.iceandfire.chain_link":50,"stat.craftItem.minecraft.stone_pickaxe":1,"stat.pickup.minecraft.cobblestone":1376,"stat.useItem.harvestcraft.juteitem":1,"stat.flyOneCm":2383899,"stat.mineBlock.treasure2.gravestone1_polished_granite":1,"stat.useItem.harvestcraft.whitemushroomitem":1,"stat.pickup.treasure2.amethyst":1,"stat.pickup.harvestcraft.leekitem":11,"stat.craftItem.minecraft.emerald_block":3,"stat.pickup.minecraft.redstone":5,"stat.mineBlock.minecraft.iron_ore":116,"stat.timeSinceDeath":117167,"stat.pickup.minecraft.mutton":14,"stat.pickup.futuremc.smoker":2,"stat.killEntity.techguns.SkeletonSoldier":2,"stat.killEntity.mod_lavacow.parasite":3,"stat.pickup.harvestcraft.whitemushroomitem":16,"stat.pickup.harvestcraft.beanitem":9,"stat.craftItem.minecraft.concrete_powder":16,"stat.useItem.minecraft.cooked_porkchop":8,"stat.mineBlock.minecraft.coal_ore":110,"stat.pickup.minecraft.shield":1,"stat.talkedToVillager":29,"stat.pickup.techguns.t1_combat_helmet":2,"stat.pickup.cgm.advanced_ammo":16,"stat.entityKilledBy.techguns.PsychoSteve":1,"stat.pickup.tombstone.crafting_ingredient":1,"stat.pickup.techguns.t1_scout_helmet":1,"stat.craftItem.minecraft.stone_slab2":0,"stat.killEntity.Squid":3,"stat.sprintOneCm":337573,"stat.craftItem.minecraft.stick":40,"stat.useItem.carryon.tile_item":1,"stat.mineBlock.minecraft.diamond_ore":37,"stat.pickup.harvestcraft.barleyitem":5,"stat.pickup.nocubessrpnests.organicsample":2,"stat.useItem.minecraft.diamond_pickaxe":330,"stat.useItem.minecraft.wheat":2,"stat.pickup.treasure2.gravestone1_polished_granite":1,"stat.pickup.overlast.dumpling":32,"stat.craftItem.minecraft.fish":3,"stat.pickup.harvestcraft.mustardseedsitem":4,"stat.drop":5,"stat.pickup.harvestcraft.flaxitem":8,"stat.killEntity.Sheep":4,"stat.useItem.iceandfire.chared_cobblestone":1,"stat.pickup.minecraft.slime_ball":1,"stat.craftItem.minecraft.diamond_pickaxe":1,"stat.pickup.minecraft.iron_block":3,"stat.killEntity.Zombie":1,"stat.craftItem.minecraft.dye":11,"stat.mineBlock.minecraft.gold_ore":21,"stat.diveOneCm":113820,"stat.pickup.minecraft.wheat":6,"stat.pickup.harvestcraft.garlicitem":15,"stat.pickup.cgm.scope":1,"stat.pickup.minecraft.gravel":101,"stat.craftItem.minecraft.cooked_porkchop":34,"stat.pickup.minecraft.obsidian":24,"stat.killEntity.pig":4,"stat.useItem.minecraft.potion":1,"stat.pickup.harvestcraft.blackberryitem":15,"stat.craftItem.travelersbackpack.backpack_tank":2,"stat.jump":3128,"stat.useItem.minecraft.sand":5,"stat.pickup.minecraft.coal":112,"stat.pickup.minecraft.iron_ingot":27,"stat.useItem.minecraft.stone_axe":63,"stat.pickup.minecraft.gunpowder":2,"stat.pickup.iceandfire.chared_stone":79,"stat.pickup.harvestcraft.peanutitem":5,"stat.mineBlock.harvestcraft.shadedgarden":61,"stat.craftItem.minecraft.torch":96,"stat.pickup.minecraft.dirt":157,"stat.craftItem.minecraft.iron_helmet":1,"stat.pickup.harvestcraft.bellpepperitem":4,"stat.pickup.minecraft.iron_ore":115,"stat.mineBlock.mca.rose_gold_ore":3,"stat.pickup.minecraft.gold_ore":21,"stat.entityKilledBy.techguns.SkeletonSoldier":1,"stat.mineBlock.minecraft.lapis_ore":2,"stat.pickup.minecraft.iron_axe":1,"stat.damageTaken":3339,"stat.pickup.minecraft.leather":13,"stat.mineBlock.minecraft.torch":13,"stat.mineBlock.minecraft.red_flower":3,"stat.mineBlock.iceandfire.chared_cobblestone":68,"stat.craftItem.cgm.workbench":1,"stat.pickup.minecraft.reeds":1,"stat.pickup.minecraft.bed":1,"tombstone:undead_killed":10,"stat.pickup.minecraft.concrete":6,"stat.pickup.minecraft.potato":1,"stat.damageDealt":6814,"stat.craftItem.minecraft.glass":23,"stat.sleepInBed":5,"stat.pickup.harvestcraft.lettuceitem":3,"stat.killEntity.Cow":8,"stat.killEntity.Pig":19,"stat.craftItem.minecraft.iron_sword":1,"stat.useItem.harvestcraft.onionitem":3,"stat.pickup.techguns.itemshared":4,"stat.walkOneCm":579298,"stat.animalsBred":1,"stat.useItem.minecraft.chest":15,"stat.pickup.dynamictrees.birchseed":3,"stat.pickup.minecraft.stick":35,"stat.pickup.cgm.rifle":1,"stat.mineBlock.futuremc.smoker":2,"stat.mineBlock.treasure2.amethyst_ore":1,"stat.useItem.tombstone.gift":1,"stat.pickup.harvestcraft.spiceleafitem":15,"stat.pickup.minecraft.stone":220,"stat.craftItem.minecraft.iron_chestplate":1,"stat.drop.minecraft.emerald":1,"stat.pickup.harvestcraft.zucchiniitem":9,"stat.pickup.minecraft.gold_ingot":16,"stat.killEntity.Skeleton":2,"stat.craftItem.travelersbackpack.sleeping_bag_bottom":1,"stat.pickup.harvestcraft.amaranthitem":3,"stat.pickup.harvestcraft.cucumberitem":3,"stat.pickup.harvestcraft.strawberryitem":6,"stat.useItem.hammerx.item.hammer":161,"stat.mobKills":68,"stat.drop.harvestcraft.sweetpotatoitem":1,"stat.killEntity.mod_lavacow.banshee":1,"stat.pickup.minecraft.diamond":37,"stat.pickup.minecraft.torch":21,"stat.mineBlock.minecraft.redstone_ore":1,"stat.mineBlock.minecraft.stone":1541}