{
  "tombstone:tutorial/root": {
    "criteria": {
      "auto": "2024-07-16 23:35:24 +0000"
    },
    "done": true
  },
  "iceandfire:iceandfire/root": {
    "criteria": {
      "tick": "2024-07-16 23:35:24 +0000"
    },
    "done": true
  },
  "minecraft:recipes/transportation/dark_oak_boat": {
    "criteria": {
      "entered_water": "2024-07-16 23:37:02 +0000"
    },
    "done": true
  },
  "minecraft:recipes/transportation/birch_boat": {
    "criteria": {
      "entered_water": "2024-07-16 23:37:02 +0000"
    },
    "done": true
  },
  "nocubessrparmory:advsrparmoryroot": {
    "criteria": {
      "advsrparmoryroot": "2024-07-16 23:35:24 +0000"
    },
    "done": true
  },
  "nocubessrpnests:advsrpnestsaddonroot": {
    "criteria": {
      "advsrpnestsaddonroot": "2024-07-16 23:35:24 +0000"
    },
    "done": true
  },
  "cfm:install": {
    "criteria": {
      "tick": "2024-07-16 23:35:24 +0000"
    },
    "done": true
  },
  "nocubessrpsurvival:advparasitesurvivalroot": {
    "criteria": {
      "advparasitesurvivalroot": "2024-07-16 23:35:24 +0000"
    },
    "done": true
  },
  "minecraft:recipes/transportation/acacia_boat": {
    "criteria": {
      "entered_water": "2024-07-16 23:37:02 +0000"
    },
    "done": true
  },
  "mod_lavacow:mod_lavacow/root": {
    "criteria": {
      "tick": "2024-07-16 23:35:24 +0000"
    },
    "done": true
  },
  "mowziesmobs:root": {
    "criteria": {
      "custom_test_name": "2024-07-16 23:35:24 +0000"
    },
    "done": true
  },
  "minecraft:recipes/transportation/boat": {
    "criteria": {
      "entered_water": "2024-07-16 23:37:02 +0000"
    },
    "done": true
  },
  "minecraft:recipes/transportation/jungle_boat": {
    "criteria": {
      "entered_water": "2024-07-16 23:37:02 +0000"
    },
    "done": true
  },
  "cfm:root": {
    "criteria": {
      "tick": "2024-07-16 23:35:24 +0000"
    },
    "done": true
  },
  "minecraft:recipes/transportation/spruce_boat": {
    "criteria": {
      "entered_water": "2024-07-16 23:37:02 +0000"
    },
    "done": true
  },
  "minecraft:adventure/adventuring_time": {
    "criteria": {
      "forest": "2024-07-16 23:35:24 +0000",
      "swampland": "2024-07-16 23:37:28 +0000",
      "birch_forest": "2024-07-16 23:53:46 +0000",
      "deep_ocean": "2024-07-16 23:44:12 +0000",
      "beaches": "2024-07-16 23:39:04 +0000",
      "extreme_hills_with_trees": "2024-07-16 23:45:11 +0000",
      "forest_hills": "2024-07-16 23:46:17 +0000",
      "plains": "2024-07-16 23:35:59 +0000",
      "taiga": "2024-07-16 23:49:17 +0000",
      "redwood_taiga": "2024-07-16 23:51:55 +0000",
      "redwood_taiga_hills": "2024-07-16 23:49:32 +0000",
      "taiga_hills": "2024-07-16 23:49:35 +0000",
      "ocean": "2024-07-16 23:38:59 +0000",
      "extreme_hills": "2024-07-16 23:38:10 +0000",
      "roofed_forest": "2024-07-16 23:40:19 +0000",
      "river": "2024-07-16 23:37:32 +0000",
      "stone_beach": "2024-07-16 23:44:46 +0000"
    },
    "done": false
  }
}